#pragma once
#include <stdint.h>
// User-supplied dots avatar, encoded for the ST7735 RGB565 big-endian framebuffer.
// Input SHA256: 41993398cbde0429fb3f0c9723f3587e69aebbd33a9b774a5c76d6a1fd5221a0
enum { DOT_AVATAR_WIDTH = 85, DOT_AVATAR_HEIGHT = 136, DOT_AVATAR_BACKGROUND = 10565 };
static const uint8_t dot_avatar_rgb565[] = {
    0x29, 0x45, 0x29, 0x45, 0x29, 0x45, 0x29, 0x45, 0x29, 0x45, 0x29, 0x45, 0x29, 0x45, 0x29, 0x45,
    0x29, 0x45, 0x29, 0x45, 0x29, 0x45, 0x29, 0x45, 0x29, 0x45, 0x29, 0x45, 0x29, 0x45, 0x29, 0x45,
    0x29, 0x45, 0x29, 0x45, 0x29, 0x45, 0x29, 0x45, 0x29, 0x45, 0x29, 0x45, 0x29, 0x45, 0x29, 0x45,
    0x29, 0x45, 0x29, 0x45, 0x29, 0x45, 0x29, 0x45, 0x29, 0x45, 0x29, 0x45, 0x29, 0x45, 0x29, 0x45,
    0x29, 0x45, 0x29, 0x45, 0x29, 0x45, 0x29, 0x45, 0x29, 0x45, 0x29, 0x45, 0x29, 0x45, 0x29, 0x45,
    0x29, 0x45, 0x29, 0x45, 0x29, 0x45, 0x29, 0x45, 0x29, 0x45, 0x29, 0x45, 0x29, 0x45, 0x29, 0x45,
    0x29, 0x45, 0x29, 0x45, 0x29, 0x45, 0x29, 0x45, 0x29, 0x45, 0x29, 0x45, 0x29, 0x45, 0x29, 0x45,
    0x29, 0x45, 0x29, 0x45, 0x29, 0x45, 0x29, 0x45, 0x29, 0x45, 0x29, 0x45, 0x3b, 0x46, 0x43, 0x47,
    0x4b, 0x47, 0x4b, 0x47, 0x43, 0x47, 0x3b, 0x47, 0x43, 0x27, 0x43, 0x27, 0x43, 0x27, 0x3b, 0x48,
    0x3b, 0x28, 0x3b, 0x47, 0x3b, 0x47, 0x3b, 0x48, 0x43, 0x49, 0x3b, 0x6a, 0x3b, 0x88, 0x29, 0x45,
    0x29, 0x45, 0x29, 0x45, 0x29, 0x45, 0x29, 0x45, 0x29, 0x45, 0x29, 0x45, 0x29, 0x45, 0x29, 0x45,
    0x29, 0x45, 0x29, 0x45, 0x29, 0x45, 0x29, 0x45, 0x29, 0x45, 0x29, 0x45, 0x29, 0x45, 0x29, 0x45,
    0x29, 0x45, 0x29, 0x45, 0x29, 0x45, 0x29, 0x45, 0x29, 0x45, 0x29, 0x45, 0x29, 0x45, 0x29, 0x45,
    0x29, 0x45, 0x29, 0x45, 0x29, 0x45, 0x29, 0x45, 0x29, 0x45, 0x29, 0x45, 0x29, 0x45, 0x29, 0x45,
    0x29, 0x45, 0x29, 0x45, 0x29, 0x45, 0x29, 0x45, 0x29, 0x45, 0x29, 0x45, 0x29, 0x45, 0x29, 0x45,
    0x29, 0x45, 0x29, 0x45, 0x29, 0x45, 0x29, 0x45, 0x29, 0x45, 0x29, 0x45, 0x29, 0x45, 0x29, 0x45,
    0x29, 0x45, 0x29, 0x45, 0x29, 0x45, 0x29, 0x45, 0x29, 0x45, 0x29, 0x45, 0x29, 0x45, 0x29, 0x45,
    0x29, 0x45, 0x29, 0x45, 0x29, 0x45, 0x29, 0x45, 0x29, 0x45, 0x29, 0x45, 0x29, 0x45, 0x29, 0x45,
    0x29, 0x45, 0x29, 0x45, 0xb6, 0x68, 0x5c, 0x45, 0x64, 0x07, 0x64, 0x26, 0x64, 0x26, 0x64, 0x26,
    0x6c, 0x47, 0x6c, 0x47, 0x6c, 0x47, 0x6c, 0x47, 0x6c, 0x67, 0x6c, 0x67, 0x6c, 0x67, 0x74, 0x66,
    0x74, 0xa7, 0x74, 0xa8, 0x6c, 0xc9, 0x7d, 0x07, 0xa5, 0xc9, 0x73, 0xa9, 0x29, 0x45, 0x29, 0x45,
    0x29, 0x45, 0x29, 0x45, 0x29, 0x45, 0x29, 0x45, 0x29, 0x45, 0x29, 0x45, 0x29, 0x45, 0x29, 0x45,
    0x29, 0x45, 0x29, 0x45, 0x29, 0x45, 0x29, 0x45, 0x29, 0x45, 0x29, 0x45, 0x29, 0x45, 0x29, 0x45,
    0x29, 0x45, 0x29, 0x45, 0x29, 0x45, 0x29, 0x45, 0x29, 0x45, 0x29, 0x45, 0x29, 0x45, 0x29, 0x45,
    0x29, 0x45, 0x29, 0x45, 0x29, 0x45, 0x29, 0x45, 0x29, 0x45, 0x29, 0x45, 0x29, 0x45, 0x29, 0x45,
    0x29, 0x45, 0x29, 0x45, 0x29, 0x45, 0x29, 0x45, 0x29, 0x45, 0x29, 0x45, 0x29, 0x45, 0x29, 0x45,
    0x29, 0x45, 0x29, 0x45, 0x29, 0x45, 0x29, 0x45, 0x29, 0x45, 0x29, 0x45, 0x29, 0x45, 0x29, 0x45,
    0x29, 0x45, 0x29, 0x45, 0x29, 0x45, 0x29, 0x45, 0x29, 0x45, 0x29, 0x45, 0x29, 0x45, 0x29, 0x45,
    0x29, 0x45, 0x29, 0x45, 0x4b, 0xca, 0x6b, 0xe3, 0x6c, 0x04, 0x6c, 0x24, 0x5b, 0xa7, 0x6c, 0x87,
    0xe7, 0x6a, 0xd7, 0x0b, 0xd7, 0x0b, 0xd7, 0x0b, 0xd7, 0x0b, 0xcf, 0x0b, 0xcf, 0x0b, 0xcf, 0x0b,
    0xcf, 0x0b, 0xcf, 0x0b, 0xcf, 0x0b, 0xcf, 0x0b, 0xcf, 0x0b, 0xc6, 0xca, 0xc6, 0xa9, 0xbe, 0x88,
    0xd7, 0x08, 0x43, 0x48, 0x73, 0xa5, 0x63, 0xa7, 0x29, 0x45, 0x29, 0x45, 0x29, 0x45, 0x29, 0x45,
    0x29, 0x45, 0x29, 0x45, 0x29, 0x45, 0x29, 0x45, 0x29, 0x45, 0x29, 0x45, 0x29, 0x45, 0x29, 0x45,
    0x29, 0x45, 0x29, 0x45, 0x29, 0x45, 0x29, 0x45, 0x29, 0x45, 0x29, 0x45, 0x29, 0x45, 0x29, 0x45,
    0x29, 0x45, 0x29, 0x45, 0x29, 0x45, 0x29, 0x45, 0x29, 0x45, 0x29, 0x45, 0x29, 0x45, 0x29, 0x45,
    0x29, 0x45, 0x29, 0x45, 0x29, 0x45, 0x29, 0x45, 0x29, 0x45, 0x29, 0x45, 0x29, 0x45, 0x29, 0x45,
    0x6b, 0xc5, 0x29, 0x45, 0x29, 0x45, 0x29, 0x45, 0x29, 0x45, 0x29, 0x45, 0x29, 0x45, 0x29, 0x45,
    0x29, 0x45, 0x29, 0x45, 0x29, 0x45, 0x29, 0x45, 0x29, 0x45, 0x29, 0x45, 0x29, 0x45, 0x29, 0x45,
    0x29, 0x45, 0x29, 0x45, 0x29, 0x45, 0x29, 0x45, 0x29, 0x45, 0x29, 0x45, 0x29, 0x45, 0x4b, 0xea,
    0x63, 0xe7, 0x63, 0xe7, 0x64, 0x07, 0x53, 0x68, 0x5c, 0x08, 0xd7, 0x0a, 0xc6, 0xca, 0xce, 0xca,
    0xce, 0xca, 0xce, 0xcb, 0xc6, 0xab, 0xc6, 0xcb, 0xc6, 0xcb, 0xc6, 0xab, 0xc6, 0xab, 0xc6, 0xab,
    0xc6, 0xab, 0xc6, 0xcc, 0xbe, 0x6a, 0xb6, 0x28, 0xb6, 0x48, 0xce, 0xe9, 0x3a, 0xc9, 0x4a, 0xe7,
    0x64, 0x27, 0x29, 0x45, 0x29, 0x45, 0x29, 0x45, 0x29, 0x45, 0x29, 0x45, 0x29, 0x45, 0x29, 0x45,
    0x29, 0x45, 0x29, 0x45, 0x29, 0x45, 0x29, 0x45, 0x29, 0x45, 0x29, 0x45, 0x29, 0x45, 0x29, 0x45,
    0x29, 0x45, 0x29, 0x45, 0x29, 0x45, 0x29, 0x45, 0x29, 0x45, 0x29, 0x45, 0x63, 0xa6, 0x6b, 0x85,
    0x6b, 0xa5, 0x6b, 0x84, 0x6b, 0xa4, 0x6b, 0xa3, 0x6b, 0xa3, 0x73, 0xa3, 0x73, 0xa3, 0x73, 0xa3,
    0x73, 0xa3, 0x73, 0xa3, 0x73, 0xa4, 0x73, 0xa4, 0x6b, 0xc5, 0x6b, 0xe4, 0x29, 0x45, 0x29, 0x45,
    0x29, 0x45, 0x29, 0x45, 0x29, 0x45, 0x29, 0x45, 0x29, 0x45, 0x29, 0x45, 0x29, 0x45, 0x29, 0x45,
    0x29, 0x45, 0x29, 0x45, 0x29, 0x45, 0x29, 0x45, 0x29, 0x45, 0x29, 0x45, 0x29, 0x45, 0x29, 0x45,
    0x29, 0x45, 0x29, 0x45, 0x29, 0x45, 0x8d, 0x67, 0x4b, 0xc9, 0x53, 0xa7, 0x63, 0xe8, 0x74, 0x88,
    0x84, 0xc9, 0x84, 0xc8, 0xce, 0xa9, 0xbe, 0x69, 0xbe, 0x69, 0xbe, 0x69, 0xb6, 0x49, 0xb6, 0x29,
    0xb6, 0x6a, 0xc6, 0xaa, 0xc6, 0xaa, 0xc6, 0xaa, 0xc6, 0xaa, 0xc6, 0xaa, 0xbe, 0x8a, 0xbe, 0x8a,
    0xbe, 0x69, 0xbe, 0x68, 0xbe, 0x89, 0xae, 0x4a, 0xb6, 0x6a, 0xa5, 0xa5, 0x3b, 0xac, 0x63, 0xa6,
    0x6b, 0xa4, 0x29, 0x45, 0x29, 0x45, 0x29, 0x45, 0x29, 0x45, 0x29, 0x45, 0x29, 0x45, 0x29, 0x45,
    0x29, 0x45, 0x29, 0x45, 0x29, 0x45, 0x29, 0x45, 0x29, 0x45, 0x29, 0x45, 0x29, 0x45, 0x29, 0x45,
    0x29, 0x45, 0x63, 0xe7, 0x5b, 0xc7, 0x4b, 0x49, 0x84, 0xc9, 0x9d, 0xa9, 0x9d, 0x88, 0x95, 0x68,
    0x95, 0x68, 0x95, 0x68, 0x95, 0x68, 0x95, 0x68, 0x95, 0x48, 0x95, 0x68, 0x95, 0x69, 0x9d, 0x89,
    0x9d, 0xa9, 0x9d, 0xca, 0x9d, 0xca, 0x3b, 0xed, 0x53, 0xea, 0x5b, 0xa9, 0x63, 0xc7, 0x63, 0xc7,
    0x29, 0x45, 0x29, 0x45, 0x29, 0x45, 0x29, 0x45, 0x29, 0x45, 0x29, 0x45, 0x29, 0x45, 0x29, 0x45,
    0x29, 0x45, 0x29, 0x45, 0x29, 0x45, 0x29, 0x45, 0x29, 0x45, 0x63, 0xc5, 0x6b, 0xe4, 0x63, 0xa8,
    0x6c, 0xab, 0xbe, 0x68, 0xad, 0xe8, 0xb6, 0x09, 0xbe, 0x49, 0xb6, 0x49, 0xb6, 0x29, 0xb6, 0x29,
    0xb6, 0x28, 0xb6, 0x49, 0xb6, 0x48, 0x9d, 0xa8, 0x8d, 0x27, 0x9d, 0xa8, 0xbe, 0xaa, 0xc6, 0xcb,
    0xc6, 0xcb, 0xc6, 0xcb, 0xc6, 0xcb, 0xc6, 0xaa, 0xbe, 0x8a, 0xbe, 0x8a, 0xbe, 0x89, 0xbe, 0x89,
    0xbe, 0x89, 0xbe, 0xa9, 0x95, 0x88, 0x43, 0x89, 0x5b, 0xa7, 0x6b, 0xa3, 0x29, 0x45, 0x29, 0x45,
    0x29, 0x45, 0x29, 0x45, 0x29, 0x45, 0x29, 0x45, 0x29, 0x45, 0x29, 0x45, 0x29, 0x45, 0x29, 0x45,
    0x63, 0xc6, 0x63, 0xc7, 0x63, 0xc7, 0x63, 0xc6, 0x63, 0xe6, 0x4b, 0xa7, 0x53, 0xc7, 0x43, 0xad,
    0x43, 0x27, 0x9d, 0xa9, 0xd7, 0x4a, 0xd7, 0x2a, 0xd7, 0x0a, 0xd7, 0x0a, 0xd7, 0x2a, 0xd7, 0x0a,
    0xd7, 0x0a, 0xd7, 0x0a, 0xd7, 0x0a, 0xd7, 0x0a, 0xd7, 0x09, 0xcf, 0x0a, 0xcf, 0x0b, 0xce, 0xea,
    0x53, 0xea, 0x3b, 0x6b, 0x5b, 0xa8, 0x63, 0xe6, 0x6b, 0xc4, 0x29, 0x45, 0x29, 0x45, 0x29, 0x45,
    0x29, 0x45, 0x29, 0x45, 0x29, 0x45, 0x29, 0x45, 0x29, 0x45, 0x29, 0x45, 0x29, 0x45, 0x29, 0x45,
    0x29, 0x45, 0x29, 0x45, 0x5b, 0xc6, 0x63, 0xc5, 0x63, 0xa7, 0x6c, 0xac, 0xb6, 0x4b, 0xb6, 0x09,
    0xb6, 0x2a, 0xb6, 0x49, 0xb6, 0x2a, 0xb6, 0x2a, 0xb6, 0x29, 0xae, 0x29, 0xae, 0x29, 0xae, 0x08,
    0x9d, 0xa7, 0x95, 0x87, 0xa5, 0xc8, 0xb6, 0x6a, 0xbe, 0xaa, 0xbe, 0x8a, 0xbe, 0x8a, 0xbe, 0x8a,
    0xbe, 0x6a, 0xbe, 0x69, 0xb6, 0x69, 0xb6, 0x69, 0xb6, 0x49, 0xb6, 0x48, 0xb6, 0x48, 0x8d, 0x48,
    0x43, 0x89, 0x5b, 0xa7, 0x6b, 0xa2, 0x29, 0x45, 0x29, 0x45, 0x29, 0x45, 0x29, 0x45, 0x29, 0x45,
    0x29, 0x45, 0x29, 0x45, 0x29, 0x45, 0x29, 0x45, 0x29, 0x45, 0x63, 0xc6, 0x63, 0xc7, 0x63, 0xc7,
    0x63, 0xe6, 0x64, 0x06, 0x6b, 0xe6, 0x63, 0xe7, 0x64, 0x07, 0x4b, 0x45, 0x9d, 0x89, 0xc6, 0xea,
    0xc6, 0xca, 0xc6, 0xca, 0xc6, 0xca, 0xc6, 0xca, 0xc6, 0xca, 0xc6, 0xca, 0xc6, 0xaa, 0xc6, 0xaa,
    0xc6, 0xca, 0xc6, 0xaa, 0xc6, 0xca, 0xc6, 0xaa, 0xbe, 0xaa, 0x53, 0xaa, 0x53, 0x8b, 0x63, 0xc9,
    0x5b, 0xe9, 0x5b, 0xc7, 0x29, 0x45, 0x29, 0x45, 0x29, 0x45, 0x29, 0x45, 0x29, 0x45, 0x29, 0x45,
    0x29, 0x45, 0x29, 0x45, 0x29, 0x45, 0x29, 0x45, 0x29, 0x45, 0x29, 0x45, 0x29, 0x45, 0x5b, 0xc6,
    0x5b, 0xc6, 0x63, 0xa8, 0x74, 0x8b, 0xbe, 0x6b, 0xb6, 0x4a, 0xbe, 0x8b, 0x9d, 0xa8, 0x9d, 0x88,
    0x95, 0x88, 0x95, 0x89, 0x9d, 0x88, 0x9d, 0xa8, 0x9d, 0xa8, 0xa5, 0xe8, 0xae, 0x29, 0xb6, 0x29,
    0xb6, 0x49, 0xb6, 0x49, 0xb6, 0x69, 0xb6, 0x49, 0xb6, 0x49, 0xb6, 0x29, 0xae, 0x28, 0xae, 0x28,
    0xae, 0x08, 0xae, 0x08, 0xad, 0xe7, 0xa5, 0xe7, 0x8d, 0x08, 0x43, 0x89, 0x5b, 0xa7, 0x6b, 0xa3,
    0x29, 0x45, 0x29, 0x45, 0x29, 0x45, 0x29, 0x45, 0x29, 0x45, 0x29, 0x45, 0x29, 0x45, 0x29, 0x45,
    0x29, 0x45, 0x29, 0x45, 0x63, 0xc6, 0x5b, 0xc8, 0x5b, 0xc8, 0x53, 0x86, 0x43, 0x45, 0x43, 0x46,
    0x43, 0x47, 0x43, 0x47, 0x4b, 0x04, 0x9d, 0x89, 0xc6, 0xeb, 0xc6, 0xca, 0xc6, 0xaa, 0xc6, 0xaa,
    0xc6, 0xaa, 0xc6, 0xcb, 0xc6, 0xca, 0xc6, 0xca, 0xc6, 0xca, 0xc6, 0xca, 0xc6, 0xca, 0xc6, 0xca,
    0xc6, 0xea, 0xc6, 0xca, 0x4b, 0x69, 0x4b, 0x2a, 0x53, 0x69, 0x4b, 0x68, 0x4b, 0x48, 0x29, 0x45,
    0x29, 0x45, 0x29, 0x45, 0x29, 0x45, 0x29, 0x45, 0x29, 0x45, 0x29, 0x45, 0x29, 0x45, 0x29, 0x45,
    0x29, 0x45, 0x29, 0x45, 0x29, 0x45, 0x29, 0x45, 0x5b, 0xc6, 0x63, 0xc6, 0x63, 0xc8, 0x7c, 0x8a,
    0xbe, 0x6b, 0xbe, 0x6b, 0xc6, 0xcb, 0x8d, 0x28, 0x8d, 0x28, 0x8d, 0x08, 0x8d, 0x08, 0x8d, 0x28,
    0x85, 0x28, 0x95, 0x68, 0xae, 0x09, 0xb6, 0x6a, 0xb6, 0x6a, 0xb6, 0x69, 0xb6, 0x49, 0xb6, 0x69,
    0xb6, 0x49, 0xb6, 0x49, 0xae, 0x09, 0xae, 0x08, 0xae, 0x08, 0xae, 0x08, 0xae, 0x08, 0xa5, 0xe7,
    0x9d, 0xe7, 0x8d, 0x28, 0x43, 0x6a, 0x5b, 0xa7, 0x6b, 0xa4, 0x29, 0x45, 0x29, 0x45, 0x29, 0x45,
    0x29, 0x45, 0x29, 0x45, 0x29, 0x45, 0x29, 0x45, 0x29, 0x45, 0x29, 0x45, 0x29, 0x45, 0x63, 0xa7,
    0x5b, 0xa9, 0x53, 0x88, 0x64, 0x08, 0x74, 0x46, 0x6c, 0x67, 0x6c, 0x47, 0x6c, 0x67, 0x74, 0x46,
    0xa5, 0xea, 0xc6, 0xeb, 0xc6, 0xca, 0xc6, 0xca, 0xc6, 0xca, 0xc6, 0xca, 0xc6, 0xaa, 0xbe, 0x8a,
    0xbe, 0x8a, 0xbe, 0x8a, 0xc6, 0xaa, 0xbe, 0xaa, 0xbe, 0xaa, 0xbe, 0xaa, 0xbe, 0xaa, 0x6c, 0x49,
    0x64, 0x09, 0x6c, 0x29, 0x6c, 0x69, 0x6c, 0x49, 0x95, 0x49, 0x4b, 0xca, 0x4b, 0x6a, 0x29, 0x45,
    0x29, 0x45, 0x29, 0x45, 0x29, 0x45, 0x29, 0x45, 0x29, 0x45, 0x29, 0x45, 0x29, 0x45, 0x29, 0x45,
    0x29, 0x45, 0x5b, 0xc7, 0x5b, 0xc6, 0x63, 0xc8, 0x7c, 0x8a, 0xb6, 0x4a, 0xb6, 0x2a, 0xbe, 0x6b,
    0x8d, 0x28, 0x8d, 0x48, 0x8d, 0x28, 0x85, 0x08, 0x85, 0x08, 0x85, 0x07, 0x95, 0x68, 0xae, 0x29,
    0xb6, 0x69, 0xb6, 0x69, 0xb6, 0x69, 0xb6, 0x69, 0xb6, 0x69, 0xb6, 0x6a, 0xb6, 0x69, 0xae, 0x29,
    0xae, 0x08, 0xae, 0x08, 0xae, 0x08, 0xae, 0x08, 0xae, 0x08, 0xae, 0x07, 0x95, 0x47, 0x43, 0x69,
    0x5b, 0xa8, 0x6b, 0xa3, 0x29, 0x45, 0x29, 0x45, 0x29, 0x45, 0x29, 0x45, 0x29, 0x45, 0x29, 0x45,
    0x29, 0x45, 0x29, 0x45, 0x29, 0x45, 0x29, 0x45, 0x5b, 0xa7, 0x5b, 0xc9, 0x4b, 0x68, 0x85, 0x29,
    0xce, 0xca, 0xc6, 0xaa, 0xc6, 0xab, 0xc6, 0xab, 0xc6, 0x8b, 0xc6, 0xab, 0xc6, 0xca, 0xc6, 0xca,
    0xc6, 0xca, 0xc6, 0xca, 0xc6, 0xca, 0xae, 0x29, 0x9d, 0xc9, 0x9d, 0xa9, 0x9d, 0xaa, 0xb6, 0x2a,
    0xb6, 0x49, 0xb6, 0x29, 0xb6, 0x4a, 0xb6, 0x4a, 0xb6, 0x0a, 0xae, 0x2a, 0xae, 0x2a, 0xb6, 0x4a,
    0xb6, 0x4a, 0x43, 0xcd, 0x3b, 0x6c, 0x5b, 0x87, 0x53, 0x68, 0x29, 0x45, 0x29, 0x45, 0x29, 0x45,
    0x29, 0x45, 0x29, 0x45, 0x29, 0x45, 0x29, 0x45, 0x29, 0x45, 0x29, 0x45, 0x53, 0xa9, 0x5b, 0xc6,
    0x5b, 0xc8, 0x7c, 0x89, 0xae, 0x09, 0x9d, 0xa8, 0xad, 0xe9, 0x8d, 0x48, 0x8d, 0x48, 0x8d, 0x48,
    0x95, 0x48, 0x8d, 0x47, 0x8d, 0x47, 0x9d, 0xa8, 0xb6, 0x49, 0xb6, 0x69, 0xb6, 0x69, 0xb6, 0x69,
    0xb6, 0x69, 0xb6, 0x69, 0xb6, 0x69, 0xb6, 0x69, 0xb6, 0x6a, 0xb6, 0x69, 0xb6, 0x49, 0xbe, 0x69,
    0xbe, 0x69, 0xbe, 0x89, 0xbe, 0x87, 0x9d, 0x85, 0x4b, 0x68, 0x6b, 0xc6, 0x73, 0xc2, 0x29, 0x45,
    0x29, 0x45, 0x29, 0x45, 0x29, 0x45, 0x29, 0x45, 0x29, 0x45, 0x29, 0x45, 0x29, 0x45, 0x29, 0x45,
    0x29, 0x45, 0x5b, 0x87, 0x53, 0xa8, 0x43, 0x69, 0x7c, 0xea, 0xbe, 0x89, 0xbe, 0x8a, 0xb6, 0x6a,
    0xbe, 0x6a, 0xbe, 0x6a, 0xb6, 0x4a, 0xb6, 0x4a, 0xb6, 0x49, 0xb6, 0x4a, 0xb6, 0x49, 0xb6, 0x69,
    0xae, 0x09, 0xae, 0x09, 0xae, 0x09, 0xad, 0xe9, 0xa5, 0xa9, 0x9d, 0xa9, 0x9d, 0xa9, 0x9d, 0xa9,
    0x9d, 0xa9, 0x9d, 0x89, 0x9d, 0x8a, 0x95, 0x69, 0x95, 0x49, 0xb6, 0x2a, 0x53, 0x88, 0x4b, 0x69,
    0x53, 0x68, 0x53, 0x68, 0x29, 0x45, 0x29, 0x45, 0x29, 0x45, 0x29, 0x45, 0x29, 0x45, 0x29, 0x45,
    0x29, 0x45, 0x59, 0x63, 0x52, 0x67, 0x63, 0x87, 0x5b, 0xa7, 0x63, 0xa7, 0x6c, 0x49, 0x8d, 0x48,
    0x84, 0xe9, 0x84, 0xc9, 0x95, 0x49, 0xae, 0x29, 0xae, 0x09, 0xae, 0x29, 0xb6, 0x69, 0xb6, 0x49,
    0xb6, 0x49, 0xb6, 0x69, 0xb6, 0x49, 0xb6, 0x49, 0xb6, 0x49, 0xb6, 0x49, 0xb6, 0x49, 0xb6, 0x49,
    0xbe, 0xa8, 0x5c, 0x09, 0x6c, 0x26, 0x6c, 0x46, 0x6c, 0x25, 0x74, 0x84, 0x43, 0x07, 0x5b, 0x66,
    0x4b, 0x68, 0x29, 0x45, 0x29, 0x45, 0x29, 0x45, 0x29, 0x45, 0x29, 0x45, 0x29, 0x45, 0x29, 0x45,
    0x29, 0x45, 0x29, 0x45, 0x29, 0x45, 0x29, 0x45, 0x29, 0x45, 0x29, 0x45, 0x5b, 0x87, 0x53, 0xc8,
    0x43, 0x6a, 0x85, 0x2b, 0xc6, 0xc9, 0xbe, 0xa9, 0xbe, 0x8a, 0xbe, 0x8a, 0xbe, 0x6a, 0xb6, 0x49,
    0xb6, 0x49, 0xb6, 0x49, 0xb6, 0x49, 0xb6, 0x49, 0xb6, 0x49, 0xb6, 0x49, 0xb6, 0x49, 0xb6, 0x29,
    0xb6, 0x49, 0x8d, 0x28, 0x8d, 0x29, 0x8d, 0x08, 0x8d, 0x29, 0x8d, 0x29, 0x8d, 0x29, 0x8d, 0x29,
    0x8d, 0x09, 0x8d, 0x29, 0xb6, 0x2a, 0x53, 0x89, 0x53, 0x69, 0x53, 0x68, 0x53, 0x68, 0x4b, 0x48,
    0x29, 0x45, 0x29, 0x45, 0x29, 0x45, 0x29, 0x45, 0x29, 0x45, 0x51, 0xe5, 0x59, 0xa4, 0x51, 0x67,
    0x4a, 0x69, 0x63, 0xa7, 0x63, 0x87, 0x63, 0xc8, 0x63, 0xe9, 0x64, 0x29, 0x6c, 0x4a, 0x8d, 0x28,
    0xc6, 0xc9, 0xbe, 0xa9, 0xbe, 0x89, 0xbe, 0x89, 0xb6, 0x89, 0xbe, 0x89, 0xbe, 0x69, 0xbe, 0x8a,
    0xbe, 0x8a, 0xbe, 0x8a, 0xbe, 0x8a, 0xbe, 0x8a, 0xbe, 0x89, 0xce, 0xe8, 0x64, 0x08, 0x7c, 0x64,
    0x84, 0x63, 0x7c, 0x63, 0x84, 0x84, 0x5b, 0x25, 0x63, 0x45, 0x5b, 0x66, 0x29, 0x45, 0x29, 0x45,
    0x29, 0x45, 0x29, 0x45, 0x29, 0x45, 0x29, 0x45, 0x29, 0x45, 0x29, 0x45, 0x29, 0x45, 0x29, 0x45,
    0x29, 0x45, 0x29, 0x45, 0x29, 0x45, 0x5b, 0x87, 0x4b, 0xac, 0x85, 0x2a, 0x8d, 0x6b, 0xbe, 0xa8,
    0xb6, 0x89, 0xbe, 0x69, 0xbe, 0x89, 0xbe, 0x8a, 0xbe, 0x69, 0xb6, 0x69, 0xb6, 0x69, 0xb6, 0x49,
    0xb6, 0x49, 0xb6, 0x49, 0xb6, 0x49, 0xae, 0x49, 0xae, 0x29, 0xb6, 0x4a, 0x95, 0x28, 0x8d, 0x28,
    0x8d, 0x28, 0x8d, 0x28, 0x8d, 0x28, 0x8d, 0x49, 0x8d, 0x49, 0x8d, 0x29, 0x95, 0x69, 0xbe, 0x6a,
    0x4b, 0x48, 0x43, 0x29, 0x4b, 0x48, 0x84, 0xc8, 0x53, 0x88, 0x4b, 0x29, 0x4b, 0x29, 0x29, 0x45,
    0x29, 0x45, 0x29, 0x45, 0x51, 0xe5, 0x51, 0xe5, 0x61, 0x63, 0x52, 0x46, 0x6b, 0x87, 0x6b, 0x86,
    0x63, 0x87, 0x53, 0x49, 0x5b, 0xaa, 0x63, 0xea, 0x9d, 0x88, 0xc6, 0xe9, 0xc6, 0xc9, 0xc6, 0xe9,
    0xc6, 0xe9, 0xc6, 0xc9, 0xbe, 0xa9, 0xbe, 0xa9, 0xb6, 0x8a, 0xb6, 0x6a, 0xb6, 0x6a, 0xb6, 0x49,
    0xb6, 0x29, 0xae, 0x29, 0xbe, 0x88, 0x64, 0x28, 0x5c, 0x2d, 0x64, 0x2b, 0x5c, 0x0b, 0x5b, 0xed,
    0x5b, 0x45, 0x5b, 0x46, 0x5b, 0x46, 0x29, 0x45, 0x29, 0x45, 0x29, 0x45, 0x29, 0x45, 0x29, 0x45,
    0x29, 0x45, 0x29, 0x45, 0x29, 0x45, 0x29, 0x45, 0x29, 0x45, 0x29, 0x45, 0x29, 0x45, 0x29, 0x45,
    0x29, 0x45, 0x29, 0x45, 0x29, 0x45, 0xb6, 0x89, 0x53, 0x26, 0x4b, 0x2a, 0x3b, 0x0c, 0x64, 0x4b,
    0xa5, 0xa8, 0xb6, 0x2a, 0xbe, 0x8a, 0xbe, 0x6a, 0xb6, 0x49, 0xb6, 0x49, 0xb6, 0x49, 0xb6, 0x49,
    0xb6, 0x49, 0xae, 0x29, 0xb6, 0x49, 0xa5, 0xc9, 0x9d, 0xa9, 0x9d, 0xa9, 0x9d, 0xa9, 0x9d, 0xaa,
    0x8d, 0x28, 0x8d, 0x48, 0x8d, 0x48, 0x8d, 0x48, 0x95, 0x48, 0x84, 0xc9, 0x84, 0xc9, 0x8d, 0x28,
    0x3b, 0x0a, 0x74, 0x28, 0x63, 0xe8, 0x63, 0xe8, 0x6b, 0x45, 0x4a, 0x25, 0x52, 0x25, 0x4a, 0x89,
    0x51, 0xe4, 0x62, 0x45, 0x73, 0x05, 0x73, 0x45, 0x73, 0x66, 0x6b, 0x87, 0x4b, 0x8c, 0x4b, 0xae,
    0x53, 0xcc, 0x63, 0xe7, 0x5b, 0xc7, 0x53, 0x67, 0x4b, 0x47, 0x53, 0x67, 0x53, 0x67, 0x53, 0x67,
    0x53, 0x67, 0x53, 0x87, 0x53, 0x87, 0x5b, 0x87, 0x5b, 0x87, 0x53, 0x68, 0x4b, 0x89, 0x53, 0xa7,
    0x29, 0x45, 0x29, 0x45, 0x29, 0x45, 0x29, 0x45, 0x29, 0x45, 0x29, 0x45, 0x29, 0x45, 0x29, 0x45,
    0x29, 0x45, 0x29, 0x45, 0x29, 0x45, 0x29, 0x45, 0x29, 0x45, 0x29, 0x45, 0x29, 0x45, 0x29, 0x45,
    0x29, 0x45, 0x29, 0x45, 0x29, 0x45, 0x29, 0x45, 0x29, 0x45, 0x29, 0x45, 0x29, 0x45, 0x29, 0x45,
    0x6b, 0xa9, 0x6b, 0xa7, 0x5b, 0xaa, 0x43, 0x4d, 0x64, 0x8a, 0x9d, 0xa8, 0xb6, 0x4a, 0xbe, 0x8a,
    0xbe, 0x6a, 0xb6, 0x49, 0xb6, 0x49, 0xb6, 0x49, 0xb6, 0x49, 0xae, 0x49, 0xae, 0x29, 0xb6, 0x49,
    0xb6, 0x49, 0xb6, 0x4a, 0xb6, 0x4a, 0xb6, 0x2a, 0xb6, 0x4a, 0x8d, 0x08, 0x8d, 0x48, 0x8d, 0x28,
    0x8d, 0x48, 0x8d, 0x28, 0x95, 0x29, 0x95, 0x28, 0x95, 0x47, 0x63, 0xc8, 0x4b, 0x29, 0x63, 0xe8,
    0x63, 0xe8, 0x4a, 0x06, 0x4a, 0x07, 0x4a, 0x26, 0x5a, 0x45, 0x5a, 0x05, 0x72, 0xe5, 0x93, 0xc5,
    0x83, 0x85, 0x83, 0x85, 0x6b, 0x89, 0x6b, 0x87, 0x63, 0xea, 0x53, 0xac, 0x63, 0xe7, 0x63, 0xc7,
    0x63, 0xc7, 0x63, 0xa7, 0x63, 0xc6, 0x63, 0xc6, 0x6b, 0xc6, 0x6b, 0xe6, 0x6b, 0xe7, 0x6b, 0xe7,
    0x6b, 0xe7, 0x6b, 0xe7, 0x63, 0xc8, 0x5b, 0xc9, 0x73, 0xe6, 0x29, 0x45, 0x29, 0x45, 0x29, 0x45,
    0x29, 0x45, 0x29, 0x45, 0x29, 0x45, 0x29, 0x45, 0x29, 0x45, 0x29, 0x45, 0x29, 0x45, 0x29, 0x45,
    0x29, 0x45, 0x29, 0x45, 0x29, 0x45, 0x29, 0x45, 0x29, 0x45, 0x29, 0x45, 0x29, 0x45, 0x29, 0x45,
    0x29, 0x45, 0x29, 0x45, 0x29, 0x45, 0x29, 0x45, 0x29, 0x45, 0x5b, 0x87, 0x6b, 0x85, 0x5b, 0x88,
    0x43, 0x4d, 0x6c, 0x8b, 0xa5, 0xe8, 0xb6, 0x49, 0xbe, 0x89, 0xbe, 0x89, 0xbe, 0x49, 0xb6, 0x69,
    0xb6, 0x69, 0xb6, 0x49, 0xb6, 0x49, 0xae, 0x29, 0xae, 0x29, 0xae, 0x29, 0xae, 0x29, 0xae, 0x2a,
    0xae, 0x09, 0xb6, 0x4a, 0x8d, 0x08, 0x8d, 0x48, 0x8d, 0x48, 0x8d, 0x48, 0x8d, 0x48, 0x8d, 0x28,
    0x8d, 0x08, 0x8d, 0x08, 0x7c, 0x47, 0x74, 0x27, 0x84, 0x86, 0x84, 0x86, 0x49, 0xe4, 0x49, 0xe3,
    0x49, 0xe4, 0x52, 0x24, 0x5a, 0x45, 0x7a, 0xe5, 0x93, 0x84, 0x8b, 0x85, 0x83, 0x65, 0x63, 0x8c,
    0x6b, 0x87, 0x63, 0xe7, 0x63, 0xe7, 0x6c, 0x05, 0x6b, 0xe6, 0x6b, 0xe5, 0x6b, 0xe5, 0x6c, 0x05,
    0x6b, 0xe5, 0x6b, 0xe5, 0x6b, 0xe5, 0x6b, 0xe5, 0x6c, 0x05, 0x6b, 0xe5, 0x6b, 0xe5, 0x6b, 0xe7,
    0x6b, 0xc7, 0x7b, 0xc3, 0x29, 0x45, 0x29, 0x45, 0x29, 0x45, 0x29, 0x45, 0x29, 0x45, 0x29, 0x45,
    0x29, 0x45, 0x29, 0x45, 0x29, 0x45, 0x29, 0x45, 0x29, 0x45, 0x29, 0x45, 0x29, 0x45, 0x29, 0x45,
    0x29, 0x45, 0x29, 0x45, 0x29, 0x45, 0x29, 0x45, 0x29, 0x45, 0x29, 0x45, 0x29, 0x45, 0x29, 0x45,
    0x29, 0x45, 0x29, 0x45, 0x29, 0x45, 0x53, 0x28, 0x5c, 0x0a, 0x74, 0xaa, 0x5c, 0x0d, 0x7c, 0xa8,
    0x74, 0x88, 0x74, 0x89, 0x74, 0x29, 0x7c, 0x88, 0x95, 0x48, 0x95, 0x69, 0xb6, 0x2a, 0xb6, 0x49,
    0xae, 0x29, 0xae, 0x29, 0xae, 0x29, 0xae, 0x29, 0xae, 0x29, 0xae, 0x29, 0xb6, 0x4a, 0x95, 0x49,
    0x95, 0x69, 0x95, 0x48, 0x8d, 0x28, 0x85, 0x08, 0x74, 0x67, 0x74, 0x47, 0x6c, 0x27, 0x6b, 0xc7,
    0x6b, 0xa7, 0x6b, 0xc6, 0x6b, 0xc6, 0x52, 0x66, 0x5a, 0x85, 0x52, 0x65, 0x5a, 0x66, 0x5a, 0x66,
    0x7a, 0xe3, 0x83, 0x43, 0x73, 0x03, 0x73, 0x66, 0x83, 0x85, 0x29, 0x45, 0x29, 0x45, 0x6b, 0xe5,
    0x4b, 0x6c, 0x6b, 0xe5, 0x6b, 0xc5, 0x6b, 0xc5, 0x63, 0xc5, 0x5b, 0xc7, 0x5b, 0xc8, 0x5b, 0xc9,
    0x29, 0x45, 0x6b, 0xe5, 0x6b, 0xe5, 0x29, 0x45, 0x29, 0x45, 0x29, 0x45, 0x5b, 0xab, 0x29, 0x45,
    0x29, 0x45, 0x29, 0x45, 0x29, 0x45, 0x29, 0x45, 0x29, 0x45, 0x29, 0x45, 0x29, 0x45, 0x29, 0x45,
    0x29, 0x45, 0x29, 0x45, 0x29, 0x45, 0x29, 0x45, 0x29, 0x45, 0x29, 0x45, 0x29, 0x45, 0x29, 0x45,
    0x29, 0x45, 0x29, 0x45, 0x29, 0x45, 0x29, 0x45, 0x29, 0x45, 0x29, 0x45, 0x29, 0x45, 0x29, 0x45,
    0x29, 0x45, 0x29, 0x45, 0x29, 0x45, 0x63, 0x87, 0x5b, 0x87, 0x5b, 0x87, 0x5b, 0xa6, 0x63, 0xa4,
    0x6c, 0x46, 0x7c, 0xa7, 0x74, 0x48, 0xbe, 0x89, 0xbe, 0x8a, 0xbe, 0x8a, 0xbe, 0x8a, 0xbe, 0x8a,
    0xbe, 0x8a, 0xbe, 0x8a, 0xbe, 0x8a, 0xbe, 0x8a, 0xbe, 0x6a, 0xb6, 0x49, 0xb6, 0x49, 0x9d, 0x69,
    0x74, 0x28, 0x43, 0x49, 0x4b, 0x69, 0x53, 0x68, 0x5b, 0x46, 0x5b, 0x26, 0x63, 0x25, 0x63, 0x25,
    0x62, 0xe5, 0x62, 0xe5, 0x63, 0x05, 0x73, 0x67, 0x83, 0xa7, 0x8b, 0xa5, 0x52, 0x88, 0x29, 0x45,
    0x29, 0x45, 0x29, 0x45, 0x29, 0x45, 0x29, 0x45, 0x29, 0x45, 0x29, 0x45, 0x29, 0x45, 0x29, 0x45,
    0x29, 0x45, 0x29, 0x45, 0x29, 0x45, 0x29, 0x45, 0x29, 0x45, 0x29, 0x45, 0x29, 0x45, 0x29, 0x45,
    0x29, 0x45, 0x29, 0x45, 0x29, 0x45, 0x29, 0x45, 0x29, 0x45, 0x29, 0x45, 0x29, 0x45, 0x29, 0x45,
    0x29, 0x45, 0x29, 0x45, 0x29, 0x45, 0x29, 0x45, 0x29, 0x45, 0x29, 0x45, 0x29, 0x45, 0x29, 0x45,
    0x29, 0x45, 0x29, 0x45, 0x29, 0x45, 0x29, 0x45, 0x29, 0x45, 0x29, 0x45, 0x29, 0x45, 0x29, 0x45,
    0x29, 0x45, 0x29, 0x45, 0x29, 0x45, 0x29, 0x45, 0x29, 0x45, 0x29, 0x45, 0x29, 0x45, 0x29, 0x45,
    0x29, 0x45, 0x4b, 0x4b, 0x4b, 0x4c, 0x4b, 0x6b, 0x5b, 0x69, 0x4b, 0xec, 0x5c, 0x2d, 0x64, 0x2c,
    0xa5, 0xe7, 0xa5, 0xa9, 0xa5, 0xc9, 0xa5, 0xca, 0xa5, 0xca, 0xa5, 0xc9, 0xa5, 0xc9, 0xa5, 0xc9,
    0xa5, 0xa9, 0x9d, 0x89, 0x95, 0x69, 0x95, 0x48, 0x84, 0xc8, 0x6c, 0x28, 0x5b, 0xa7, 0x53, 0x68,
    0x5b, 0x46, 0x63, 0x67, 0x63, 0x66, 0x63, 0x66, 0x63, 0x66, 0x62, 0xe5, 0x63, 0x05, 0x63, 0x05,
    0x73, 0x46, 0x7b, 0x87, 0x8b, 0xa4, 0x52, 0xeb, 0x29, 0x45, 0x29, 0x45, 0x29, 0x45, 0x29, 0x45,
    0x29, 0x45, 0x29, 0x45, 0x29, 0x45, 0x29, 0x45, 0x29, 0x45, 0x29, 0x45, 0x29, 0x45, 0x29, 0x45,
    0x29, 0x45, 0x29, 0x45, 0x29, 0x45, 0x29, 0x45, 0x29, 0x45, 0x29, 0x45, 0x29, 0x45, 0x29, 0x45,
    0x29, 0x45, 0x29, 0x45, 0x29, 0x45, 0x29, 0x45, 0x29, 0x45, 0x29, 0x45, 0x29, 0x45, 0x29, 0x45,
    0x29, 0x45, 0x29, 0x45, 0x29, 0x45, 0x29, 0x45, 0x29, 0x45, 0x29, 0x45, 0x29, 0x45, 0x29, 0x45,
    0x29, 0x45, 0x29, 0x45, 0x29, 0x45, 0x29, 0x45, 0x29, 0x45, 0x29, 0x45, 0x29, 0x45, 0x29, 0x45,
    0x29, 0x45, 0x29, 0x45, 0x29, 0x45, 0x29, 0x45, 0x29, 0x45, 0x29, 0x45, 0x53, 0x49, 0x4b, 0x6b,
    0x5b, 0x69, 0x5b, 0xa9, 0x5b, 0xe9, 0x74, 0x49, 0x7c, 0xc8, 0x5b, 0xe6, 0x5b, 0xa7, 0x5b, 0xa7,
    0x5b, 0x87, 0x5b, 0x87, 0x5b, 0x87, 0x5b, 0x87, 0x5b, 0x87, 0x5b, 0x87, 0x5b, 0x87, 0x5b, 0x87,
    0x53, 0x87, 0x5b, 0x67, 0x5b, 0x88, 0x5b, 0x88, 0x4b, 0x69, 0x5b, 0x46, 0x4a, 0xe8, 0x52, 0xe6,
    0x5b, 0x05, 0x5b, 0x05, 0x62, 0xe5, 0x62, 0xe5, 0x6b, 0x05, 0x6b, 0x05, 0x62, 0xc5, 0x8b, 0x64,
    0x8b, 0xa5, 0x29, 0x45, 0x29, 0x45, 0x29, 0x45, 0x29, 0x45, 0x29, 0x45, 0x29, 0x45, 0x29, 0x45,
    0x29, 0x45, 0x29, 0x45, 0x29, 0x45, 0x29, 0x45, 0x29, 0x45, 0x29, 0x45, 0x29, 0x45, 0x29, 0x45,
    0x29, 0x45, 0x29, 0x45, 0x29, 0x45, 0x29, 0x45, 0x29, 0x45, 0x29, 0x45, 0x29, 0x45, 0x29, 0x45,
    0x29, 0x45, 0x29, 0x45, 0x29, 0x45, 0x29, 0x45, 0x29, 0x45, 0x29, 0x45, 0x29, 0x45, 0x29, 0x45,
    0x29, 0x45, 0x29, 0x45, 0x29, 0x45, 0x29, 0x45, 0x29, 0x45, 0x29, 0x45, 0x29, 0x45, 0x29, 0x45,
    0x29, 0x45, 0x29, 0x45, 0x29, 0x45, 0x29, 0x45, 0x29, 0x45, 0x29, 0x45, 0x29, 0x45, 0x29, 0x45,
    0x29, 0x45, 0x29, 0x45, 0x29, 0x45, 0x29, 0x45, 0x29, 0x45, 0x29, 0x45, 0x29, 0x45, 0x29, 0x45,
    0x29, 0x45, 0x29, 0x45, 0x4b, 0x67, 0x53, 0x47, 0x5b, 0x46, 0x53, 0x46, 0x53, 0x46, 0x5b, 0x46,
    0x53, 0x47, 0x53, 0x67, 0x53, 0x47, 0x5b, 0x67, 0x53, 0x67, 0x53, 0x67, 0x53, 0x68, 0x53, 0x68,
    0x5b, 0x47, 0x29, 0x45, 0x29, 0x45, 0x52, 0xe6, 0x41, 0xe4, 0x52, 0x23, 0x52, 0x23, 0x62, 0xe5,
    0x62, 0xe5, 0x6b, 0x05, 0x6a, 0xe4, 0x52, 0x24, 0x8b, 0x44, 0x83, 0x44, 0x29, 0x45, 0x29, 0x45,
    0x29, 0x45, 0x29, 0x45, 0x29, 0x45, 0x29, 0x45, 0x29, 0x45, 0x29, 0x45, 0x29, 0x45, 0x29, 0x45,
    0x29, 0x45, 0x29, 0x45, 0x29, 0x45, 0x29, 0x45, 0x29, 0x45, 0x29, 0x45, 0x29, 0x45, 0x29, 0x45,
    0x29, 0x45, 0x29, 0x45, 0x29, 0x45, 0x29, 0x45, 0x29, 0x45, 0x29, 0x45, 0x29, 0x45, 0x29, 0x45,
    0x29, 0x45, 0x29, 0x45, 0x29, 0x45, 0x29, 0x45, 0x29, 0x45, 0x29, 0x45, 0x29, 0x45, 0x29, 0x45,
    0x29, 0x45, 0x29, 0x45, 0x29, 0x45, 0x29, 0x45, 0x29, 0x45, 0x29, 0x45, 0x29, 0x45, 0x29, 0x45,
    0x29, 0x45, 0x29, 0x45, 0x29, 0x45, 0x29, 0x45, 0x29, 0x45, 0x29, 0x45, 0x29, 0x45, 0x29, 0x45,
    0x29, 0x45, 0x29, 0x45, 0x29, 0x45, 0x29, 0x45, 0x29, 0x45, 0x29, 0x45, 0x29, 0x45, 0x63, 0xa5,
    0x63, 0xa6, 0x63, 0xa5, 0x63, 0xc5, 0x63, 0xc5, 0x63, 0xc5, 0x6b, 0xe5, 0x63, 0xe5, 0x63, 0xc6,
    0x63, 0xc6, 0x63, 0xc6, 0x63, 0xc6, 0x63, 0xc7, 0x63, 0xa6, 0x29, 0x45, 0x29, 0x45, 0x29, 0x45,
    0x52, 0x25, 0x49, 0xe5, 0x52, 0x03, 0x52, 0x03, 0x62, 0xe5, 0x6a, 0xe5, 0x6b, 0x05, 0x62, 0xa5,
    0x52, 0x04, 0x8b, 0x45, 0x8b, 0x44, 0x29, 0x45, 0x29, 0x45, 0x29, 0x45, 0x29, 0x45, 0x29, 0x45,
    0x29, 0x45, 0x29, 0x45, 0x29, 0x45, 0x29, 0x45, 0x29, 0x45, 0x29, 0x45, 0x29, 0x45, 0x29, 0x45,
    0x29, 0x45, 0x29, 0x45, 0x29, 0x45, 0x29, 0x45, 0x29, 0x45, 0x29, 0x45, 0x29, 0x45, 0x29, 0x45,
    0x29, 0x45, 0x29, 0x45, 0x29, 0x45, 0x29, 0x45, 0x29, 0x45, 0x29, 0x45, 0x29, 0x45, 0x29, 0x45,
    0x29, 0x45, 0x29, 0x45, 0x29, 0x45, 0x29, 0x45, 0x29, 0x45, 0x29, 0x45, 0x29, 0x45, 0x29, 0x45,
    0x29, 0x45, 0x29, 0x45, 0x29, 0x45, 0x29, 0x45, 0x29, 0x45, 0x29, 0x45, 0x29, 0x45, 0x29, 0x45,
    0x29, 0x45, 0x29, 0x45, 0x29, 0x45, 0x29, 0x45, 0x29, 0x45, 0x29, 0x45, 0x29, 0x45, 0x29, 0x45,
    0x29, 0x45, 0x29, 0x45, 0x29, 0x45, 0x29, 0x45, 0x29, 0x45, 0x29, 0x45, 0x29, 0x45, 0x29, 0x45,
    0x29, 0x45, 0x29, 0x45, 0x29, 0x45, 0x29, 0x45, 0x29, 0x45, 0x29, 0x45, 0x29, 0x45, 0x29, 0x45,
    0x29, 0x45, 0x29, 0x45, 0x29, 0x45, 0x29, 0x45, 0x29, 0x45, 0x29, 0x45, 0x29, 0x45, 0x29, 0x45,
    0x29, 0x45, 0x59, 0xe2, 0x59, 0xe3, 0x51, 0xe3, 0x52, 0x04, 0x51, 0xe4, 0x93, 0x66, 0x8b, 0x26,
    0x29, 0x45, 0x29, 0x45, 0x29, 0x45, 0x29, 0x45, 0x29, 0x45, 0x29, 0x45, 0x29, 0x45, 0x29, 0x45,
    0x29, 0x45, 0x29, 0x45, 0x29, 0x45, 0x29, 0x45, 0x29, 0x45, 0x29, 0x45, 0x29, 0x45, 0x29, 0x45,
    0x29, 0x45, 0x29, 0x45, 0x29, 0x45, 0x29, 0x45, 0x29, 0x45, 0x29, 0x45, 0x29, 0x45, 0x29, 0x45,
    0x29, 0x45, 0x29, 0x45, 0x29, 0x45, 0x29, 0x45, 0x29, 0x45, 0x29, 0x45, 0x29, 0x45, 0x29, 0x45,
    0x29, 0x45, 0x29, 0x45, 0x29, 0x45, 0x29, 0x45, 0x29, 0x45, 0x29, 0x45, 0x29, 0x45, 0x29, 0x45,
    0x29, 0x45, 0x29, 0x45, 0x29, 0x45, 0x29, 0x45, 0x29, 0x45, 0x29, 0x45, 0x29, 0x45, 0x29, 0x45,
    0x29, 0x45, 0x29, 0x45, 0x29, 0x45, 0x29, 0x45, 0x29, 0x45, 0x29, 0x45, 0x29, 0x45, 0x29, 0x45,
    0x29, 0x45, 0x29, 0x45, 0x29, 0x45, 0x29, 0x45, 0x29, 0x45, 0x29, 0x45, 0x29, 0x45, 0x29, 0x45,
    0x29, 0x45, 0x29, 0x45, 0x29, 0x45, 0x29, 0x45, 0x29, 0x45, 0x29, 0x45, 0x29, 0x45, 0x29, 0x45,
    0x29, 0x45, 0x29, 0x45, 0x29, 0x45, 0x29, 0x45, 0x29, 0x45, 0x29, 0x45, 0x52, 0x05, 0x59, 0xe3,
    0x51, 0xc3, 0x51, 0xe4, 0x51, 0xe4, 0x93, 0x86, 0x62, 0xec, 0x8b, 0x46, 0x8b, 0x46, 0x29, 0x45,
    0x29, 0x45, 0x29, 0x45, 0x29, 0x45, 0x29, 0x45, 0x29, 0x45, 0x29, 0x45, 0x29, 0x45, 0x29, 0x45,
    0x29, 0x45, 0x29, 0x45, 0x29, 0x45, 0x29, 0x45, 0x29, 0x45, 0x29, 0x45, 0x29, 0x45, 0x29, 0x45,
    0x29, 0x45, 0x29, 0x45, 0x29, 0x45, 0x29, 0x45, 0x29, 0x45, 0x29, 0x45, 0x29, 0x45, 0x29, 0x45,
    0x29, 0x45, 0x29, 0x45, 0x29, 0x45, 0x29, 0x45, 0x29, 0x45, 0x29, 0x45, 0x29, 0x45, 0x29, 0x45,
    0x29, 0x45, 0x29, 0x45, 0x29, 0x45, 0x29, 0x45, 0x29, 0x45, 0x29, 0x45, 0x29, 0x45, 0x29, 0x45,
    0x29, 0x45, 0x29, 0x45, 0x29, 0x45, 0x29, 0x45, 0x29, 0x45, 0x29, 0x45, 0x29, 0x45, 0x29, 0x45,
    0x29, 0x45, 0x29, 0x45, 0x29, 0x45, 0x29, 0x45, 0x29, 0x45, 0x29, 0x45, 0x29, 0x45, 0x29, 0x45,
    0x29, 0x45, 0x29, 0x45, 0x29, 0x45, 0x29, 0x45, 0x29, 0x45, 0x29, 0x45, 0x29, 0x45, 0x29, 0x45,
    0x29, 0x45, 0x29, 0x45, 0x29, 0x45, 0x29, 0x45, 0x29, 0x45, 0x29, 0x45, 0x29, 0x45, 0x29, 0x45,
    0x29, 0x45, 0x29, 0x45, 0x29, 0x45, 0x51, 0xe3, 0x4a, 0x07, 0x51, 0xc2, 0x51, 0xe4, 0x51, 0xc4,
    0x93, 0x65, 0x8b, 0x45, 0x8b, 0x44, 0x83, 0x04, 0x29, 0x45, 0x29, 0x45, 0x29, 0x45, 0x29, 0x45,
    0x29, 0x45, 0x29, 0x45, 0x29, 0x45, 0x29, 0x45, 0x29, 0x45, 0x29, 0x45, 0x29, 0x45, 0x29, 0x45,
    0x29, 0x45, 0x29, 0x45, 0x29, 0x45, 0x29, 0x45, 0x29, 0x45, 0x29, 0x45, 0x29, 0x45, 0x29, 0x45,
    0x29, 0x45, 0x29, 0x45, 0x29, 0x45, 0x29, 0x45, 0x29, 0x45, 0x29, 0x45, 0x29, 0x45, 0x29, 0x45,
    0x29, 0x45, 0x29, 0x45, 0x29, 0x45, 0x29, 0x45, 0x29, 0x45, 0x29, 0x45, 0x29, 0x45, 0x29, 0x45,
    0x29, 0x45, 0x29, 0x45, 0x29, 0x45, 0x29, 0x45, 0x29, 0x45, 0x29, 0x45, 0x29, 0x45, 0x29, 0x45,
    0x29, 0x45, 0x29, 0x45, 0x29, 0x45, 0x29, 0x45, 0x29, 0x45, 0x29, 0x45, 0x29, 0x45, 0x29, 0x45,
    0x29, 0x45, 0x29, 0x45, 0x29, 0x45, 0x29, 0x45, 0x29, 0x45, 0x29, 0x45, 0x29, 0x45, 0x29, 0x45,
    0x29, 0x45, 0x29, 0x45, 0x29, 0x45, 0x29, 0x45, 0x29, 0x45, 0x29, 0x45, 0x29, 0x45, 0x29, 0x45,
    0x29, 0x45, 0x29, 0x45, 0x29, 0x45, 0x29, 0x45, 0x29, 0x45, 0x29, 0x45, 0x29, 0x45, 0x29, 0x45,
    0x52, 0x05, 0x51, 0xe4, 0x59, 0xa1, 0x59, 0xe4, 0x51, 0xc4, 0x8b, 0x66, 0x83, 0x46, 0x83, 0x65,
    0x73, 0x27, 0x29, 0x45, 0x29, 0x45, 0x29, 0x45, 0x29, 0x45, 0x29, 0x45, 0x29, 0x45, 0x29, 0x45,
    0x29, 0x45, 0x29, 0x45, 0x29, 0x45, 0x29, 0x45, 0x29, 0x45, 0x29, 0x45, 0x29, 0x45, 0x29, 0x45,
    0x29, 0x45, 0x29, 0x45, 0x29, 0x45, 0x29, 0x45, 0x29, 0x45, 0x29, 0x45, 0x29, 0x45, 0x29, 0x45,
    0x29, 0x45, 0x29, 0x45, 0x29, 0x45, 0x29, 0x45, 0x29, 0x45, 0x29, 0x45, 0x29, 0x45, 0x29, 0x45,
    0x29, 0x45, 0x29, 0x45, 0x29, 0x45, 0x29, 0x45, 0x29, 0x45, 0x29, 0x45, 0x29, 0x45, 0x29, 0x45,
    0x29, 0x45, 0x29, 0x45, 0x29, 0x45, 0x29, 0x45, 0x29, 0x45, 0x29, 0x45, 0x29, 0x45, 0x29, 0x45,
    0x29, 0x45, 0x29, 0x45, 0x29, 0x45, 0x29, 0x45, 0x29, 0x45, 0x29, 0x45, 0x29, 0x45, 0x29, 0x45,
    0x29, 0x45, 0x29, 0x45, 0x29, 0x45, 0x29, 0x45, 0x29, 0x45, 0x29, 0x45, 0x29, 0x45, 0x29, 0x45,
    0x29, 0x45, 0x29, 0x45, 0x29, 0x45, 0x29, 0x45, 0x29, 0x45, 0x29, 0x45, 0x29, 0x45, 0x29, 0x45,
    0x29, 0x45, 0x29, 0x45, 0x29, 0x45, 0x29, 0x45, 0x29, 0x45, 0x29, 0x45, 0x51, 0xe4, 0x59, 0xc1,
    0x59, 0xe4, 0x51, 0xc4, 0x8b, 0x66, 0x83, 0x46, 0x83, 0x65, 0x73, 0x27, 0x29, 0x45, 0x29, 0x45,
    0x29, 0x45, 0x29, 0x45, 0x29, 0x45, 0x29, 0x45, 0x29, 0x45, 0x29, 0x45, 0x29, 0x45, 0x29, 0x45,
    0x29, 0x45, 0x29, 0x45, 0x29, 0x45, 0x29, 0x45, 0x29, 0x45, 0x29, 0x45, 0x29, 0x45, 0x29, 0x45,
    0x29, 0x45, 0x29, 0x45, 0x29, 0x45, 0x29, 0x45, 0x29, 0x45, 0x29, 0x45, 0x29, 0x45, 0x29, 0x45,
    0x29, 0x45, 0x29, 0x45, 0x29, 0x45, 0x29, 0x45, 0x29, 0x45, 0x29, 0x45, 0x29, 0x45, 0x29, 0x45,
    0x29, 0x45, 0x29, 0x45, 0x29, 0x45, 0x29, 0x45, 0x29, 0x45, 0x29, 0x45, 0x29, 0x45, 0x29, 0x45,
    0x29, 0x45, 0x29, 0x45, 0x29, 0x45, 0x29, 0x45, 0x29, 0x45, 0x29, 0x45, 0x29, 0x45, 0x29, 0x45,
    0x29, 0x45, 0x29, 0x45, 0x29, 0x45, 0x29, 0x45, 0x29, 0x45, 0x29, 0x45, 0x29, 0x45, 0x29, 0x45,
    0x29, 0x45, 0x29, 0x45, 0x29, 0x45, 0x29, 0x45, 0x29, 0x45, 0x29, 0x45, 0x29, 0x45, 0x29, 0x45,
    0x29, 0x45, 0x29, 0x45, 0x29, 0x45, 0x29, 0x45, 0x29, 0x45, 0x29, 0x45, 0x29, 0x45, 0x29, 0x45,
    0x29, 0x45, 0x29, 0x45, 0x29, 0x45, 0x59, 0xe4, 0x59, 0xc1, 0x5a, 0x05, 0x51, 0xe4, 0x8b, 0x85,
    0x83, 0x46, 0x83, 0x65, 0x6b, 0x28, 0x29, 0x45, 0x29, 0x45, 0x29, 0x45, 0x29, 0x45, 0x29, 0x45,
    0x29, 0x45, 0x29, 0x45, 0x29, 0x45, 0x29, 0x45, 0x29, 0x45, 0x29, 0x45, 0x29, 0x45, 0x29, 0x45,
    0x29, 0x45, 0x29, 0x45, 0x29, 0x45, 0x29, 0x45, 0x29, 0x45, 0x29, 0x45, 0x29, 0x45, 0x29, 0x45,
    0x29, 0x45, 0x29, 0x45, 0x29, 0x45, 0x29, 0x45, 0x29, 0x45, 0x29, 0x45, 0x29, 0x45, 0x29, 0x45,
    0x29, 0x45, 0x29, 0x45, 0x29, 0x45, 0x29, 0x45, 0x29, 0x45, 0x29, 0x45, 0x29, 0x45, 0x29, 0x45,
    0x29, 0x45, 0x29, 0x45, 0x29, 0x45, 0x29, 0x45, 0x29, 0x45, 0x29, 0x45, 0x29, 0x45, 0x29, 0x45,
    0x29, 0x45, 0x29, 0x45, 0x29, 0x45, 0x29, 0x45, 0x29, 0x45, 0x29, 0x45, 0x29, 0x45, 0x29, 0x45,
    0x29, 0x45, 0x29, 0x45, 0x29, 0x45, 0x29, 0x45, 0x29, 0x45, 0x29, 0x45, 0x29, 0x45, 0x29, 0x45,
    0x29, 0x45, 0x29, 0x45, 0x29, 0x45, 0x29, 0x45, 0x29, 0x45, 0x29, 0x45, 0x29, 0x45, 0x29, 0x45,
    0x29, 0x45, 0x29, 0x45, 0x29, 0x45, 0x29, 0x45, 0x29, 0x45, 0x29, 0x45, 0x29, 0x45, 0x29, 0x45,
    0x59, 0xe4, 0x61, 0xe1, 0x5a, 0x05, 0x51, 0xc4, 0x83, 0x66, 0x83, 0x46, 0x83, 0x65, 0x6b, 0x28,
    0x29, 0x45, 0x29, 0x45, 0x29, 0x45, 0x29, 0x45, 0x29, 0x45, 0x29, 0x45, 0x29, 0x45, 0x29, 0x45,
    0x29, 0x45, 0x29, 0x45, 0x29, 0x45, 0x29, 0x45, 0x29, 0x45, 0x29, 0x45, 0x29, 0x45, 0x29, 0x45,
    0x29, 0x45, 0x29, 0x45, 0x29, 0x45, 0x29, 0x45, 0x29, 0x45, 0x29, 0x45, 0x29, 0x45, 0x29, 0x45,
    0x29, 0x45, 0x29, 0x45, 0x29, 0x45, 0x29, 0x45, 0x29, 0x45, 0x29, 0x45, 0x29, 0x45, 0x29, 0x45,
    0x29, 0x45, 0x29, 0x45, 0x29, 0x45, 0x29, 0x45, 0x29, 0x45, 0x29, 0x45, 0x29, 0x45, 0x29, 0x45,
    0x29, 0x45, 0x29, 0x45, 0x29, 0x45, 0x29, 0x45, 0x29, 0x45, 0x29, 0x45, 0x29, 0x45, 0x29, 0x45,
    0x29, 0x45, 0x29, 0x45, 0x29, 0x45, 0x29, 0x45, 0x29, 0x45, 0x29, 0x45, 0x29, 0x45, 0x29, 0x45,
    0x29, 0x45, 0x29, 0x45, 0x29, 0x45, 0x29, 0x45, 0x29, 0x45, 0x29, 0x45, 0x29, 0x45, 0x29, 0x45,
    0x29, 0x45, 0x29, 0x45, 0x29, 0x45, 0x29, 0x45, 0x29, 0x45, 0x29, 0x45, 0x29, 0x45, 0x29, 0x45,
    0x29, 0x45, 0x29, 0x45, 0x29, 0x45, 0x29, 0x45, 0x29, 0x45, 0x4a, 0x08, 0x61, 0xe1, 0x5a, 0x05,
    0x51, 0xc4, 0x83, 0x86, 0x83, 0x46, 0x83, 0x65, 0x6b, 0x28, 0x29, 0x45, 0x29, 0x45, 0x29, 0x45,
    0x29, 0x45, 0x29, 0x45, 0x29, 0x45, 0x29, 0x45, 0x29, 0x45, 0x29, 0x45, 0x29, 0x45, 0x29, 0x45,
    0x29, 0x45, 0x29, 0x45, 0x29, 0x45, 0x29, 0x45, 0x29, 0x45, 0x29, 0x45, 0x29, 0x45, 0x29, 0x45,
    0x29, 0x45, 0x29, 0x45, 0x29, 0x45, 0x29, 0x45, 0x29, 0x45, 0x29, 0x45, 0x29, 0x45, 0x29, 0x45,
    0x29, 0x45, 0x29, 0x45, 0x29, 0x45, 0x29, 0x45, 0x29, 0x45, 0x29, 0x45, 0x29, 0x45, 0x29, 0x45,
    0x29, 0x45, 0x29, 0x45, 0x29, 0x45, 0x29, 0x45, 0x29, 0x45, 0x29, 0x45, 0x29, 0x45, 0x29, 0x45,
    0x29, 0x45, 0x29, 0x45, 0x29, 0x45, 0x29, 0x45, 0x29, 0x45, 0x29, 0x45, 0x29, 0x45, 0x29, 0x45,
    0x29, 0x45, 0x29, 0x45, 0x29, 0x45, 0x29, 0x45, 0x29, 0x45, 0x29, 0x45, 0x29, 0x45, 0x29, 0x45,
    0x29, 0x45, 0x29, 0x45, 0x29, 0x45, 0x29, 0x45, 0x29, 0x45, 0x29, 0x45, 0x29, 0x45, 0x29, 0x45,
    0x29, 0x45, 0x29, 0x45, 0x29, 0x45, 0x29, 0x45, 0x29, 0x45, 0x29, 0x45, 0x29, 0x45, 0x29, 0x45,
    0x29, 0x45, 0x29, 0x45, 0x42, 0x29, 0x59, 0xe1, 0x5a, 0x05, 0x51, 0xe4, 0x8b, 0x86, 0x83, 0x46,
    0x8b, 0x45, 0x73, 0x07, 0x29, 0x45, 0x29, 0x45, 0x29, 0x45, 0x29, 0x45, 0x29, 0x45, 0x29, 0x45,
    0x29, 0x45, 0x29, 0x45, 0x29, 0x45, 0x29, 0x45, 0x29, 0x45, 0x29, 0x45, 0x29, 0x45, 0x29, 0x45,
    0x29, 0x45, 0x29, 0x45, 0x29, 0x45, 0x29, 0x45, 0x29, 0x45, 0x29, 0x45, 0x29, 0x45, 0x29, 0x45,
    0x29, 0x45, 0x29, 0x45, 0x29, 0x45, 0x29, 0x45, 0x29, 0x45, 0x29, 0x45, 0x29, 0x45, 0x29, 0x45,
    0x29, 0x45, 0x29, 0x45, 0x29, 0x45, 0x29, 0x45, 0x29, 0x45, 0x29, 0x45, 0x29, 0x45, 0x29, 0x45,
    0x29, 0x45, 0x29, 0x45, 0x29, 0x45, 0x29, 0x45, 0x29, 0x45, 0x29, 0x45, 0x29, 0x45, 0x29, 0x45,
    0x29, 0x45, 0x29, 0x45, 0x29, 0x45, 0x29, 0x45, 0x29, 0x45, 0x29, 0x45, 0x29, 0x45, 0x29, 0x45,
    0x29, 0x45, 0x29, 0x45, 0x29, 0x45, 0x29, 0x45, 0x29, 0x45, 0x29, 0x45, 0x29, 0x45, 0x29, 0x45,
    0x29, 0x45, 0x29, 0x45, 0x29, 0x45, 0x29, 0x45, 0x29, 0x45, 0x29, 0x45, 0x29, 0x45, 0x29, 0x45,
    0x29, 0x45, 0x29, 0x45, 0x29, 0x45, 0x29, 0x45, 0x29, 0x45, 0x29, 0x45, 0x29, 0x45, 0x52, 0x05,
    0x59, 0xe1, 0x52, 0x24, 0x51, 0xe4, 0x83, 0x86, 0x83, 0x46, 0x8b, 0x45, 0x7b, 0x06, 0x29, 0x45,
    0x29, 0x45, 0x29, 0x45, 0x29, 0x45, 0x29, 0x45, 0x29, 0x45, 0x29, 0x45, 0x29, 0x45, 0x29, 0x45,
    0x29, 0x45, 0x29, 0x45, 0x29, 0x45, 0x29, 0x45, 0x29, 0x45, 0x29, 0x45, 0x29, 0x45, 0x29, 0x45,
    0x29, 0x45, 0x29, 0x45, 0x29, 0x45, 0x29, 0x45, 0x29, 0x45, 0x29, 0x45, 0x29, 0x45, 0x29, 0x45,
    0x29, 0x45, 0x29, 0x45, 0x29, 0x45, 0x29, 0x45, 0x29, 0x45, 0x29, 0x45, 0x29, 0x45, 0x29, 0x45,
    0x29, 0x45, 0x29, 0x45, 0x29, 0x45, 0x29, 0x45, 0x29, 0x45, 0x29, 0x45, 0x29, 0x45, 0x29, 0x45,
    0x29, 0x45, 0x29, 0x45, 0x29, 0x45, 0x29, 0x45, 0x29, 0x45, 0x29, 0x45, 0x29, 0x45, 0x29, 0x45,
    0x29, 0x45, 0x29, 0x45, 0x29, 0x45, 0x29, 0x45, 0x29, 0x45, 0x29, 0x45, 0x29, 0x45, 0x29, 0x45,
    0x29, 0x45, 0x29, 0x45, 0x29, 0x45, 0x29, 0x45, 0x29, 0x45, 0x29, 0x45, 0x29, 0x45, 0x29, 0x45,
    0x29, 0x45, 0x29, 0x45, 0x29, 0x45, 0x29, 0x45, 0x29, 0x45, 0x29, 0x45, 0x29, 0x45, 0x29, 0x45,
    0x29, 0x45, 0x29, 0x45, 0x29, 0x45, 0x29, 0x45, 0x42, 0x28, 0x59, 0xe1, 0x5a, 0x24, 0x49, 0xe4,
    0x83, 0x86, 0x7b, 0x46, 0x8b, 0x45, 0x7b, 0x06, 0x29, 0x45, 0x29, 0x45, 0x29, 0x45, 0x29, 0x45,
    0x29, 0x45, 0x29, 0x45, 0x29, 0x45, 0x29, 0x45, 0x29, 0x45, 0x29, 0x45, 0x29, 0x45, 0x29, 0x45,
    0x29, 0x45, 0x29, 0x45, 0x29, 0x45, 0x29, 0x45, 0x29, 0x45, 0x29, 0x45, 0x29, 0x45, 0x29, 0x45,
    0x29, 0x45, 0x29, 0x45, 0x29, 0x45, 0x29, 0x45, 0x29, 0x45, 0x29, 0x45, 0x29, 0x45, 0x29, 0x45,
    0x29, 0x45, 0x29, 0x45, 0x29, 0x45, 0x29, 0x45, 0x29, 0x45, 0x29, 0x45, 0x29, 0x45, 0x29, 0x45,
    0x29, 0x45, 0x29, 0x45, 0x29, 0x45, 0x29, 0x45, 0x29, 0x45, 0x29, 0x45, 0x29, 0x45, 0x29, 0x45,
    0x29, 0x45, 0x29, 0x45, 0x29, 0x45, 0x29, 0x45, 0x29, 0x45, 0x29, 0x45, 0x29, 0x45, 0x29, 0x45,
    0x29, 0x45, 0x29, 0x45, 0x29, 0x45, 0x29, 0x45, 0x29, 0x45, 0x29, 0x45, 0x29, 0x45, 0x29, 0x45,
    0x29, 0x45, 0x29, 0x45, 0x29, 0x45, 0x29, 0x45, 0x29, 0x45, 0x29, 0x45, 0x29, 0x45, 0x29, 0x45,
    0x29, 0x45, 0x29, 0x45, 0x29, 0x45, 0x29, 0x45, 0x29, 0x45, 0x29, 0x45, 0x29, 0x45, 0x29, 0x45,
    0x52, 0x05, 0x5a, 0x24, 0x5a, 0x23, 0x5a, 0x24, 0x49, 0xe4, 0x8b, 0x86, 0x7b, 0x47, 0x83, 0x45,
    0x72, 0xe8, 0x29, 0x45, 0x29, 0x45, 0x29, 0x45, 0x29, 0x45, 0x29, 0x45, 0x29, 0x45, 0x29, 0x45,
    0x29, 0x45, 0x29, 0x45, 0x29, 0x45, 0x29, 0x45, 0x29, 0x45, 0x29, 0x45, 0x29, 0x45, 0x29, 0x45,
    0x29, 0x45, 0x29, 0x45, 0x29, 0x45, 0x29, 0x45, 0x29, 0x45, 0x29, 0x45, 0x29, 0x45, 0x29, 0x45,
    0x29, 0x45, 0x29, 0x45, 0x29, 0x45, 0x29, 0x45, 0x29, 0x45, 0x29, 0x45, 0x29, 0x45, 0x29, 0x45,
    0x29, 0x45, 0x29, 0x45, 0x29, 0x45, 0x29, 0x45, 0x29, 0x45, 0x29, 0x45, 0x29, 0x45, 0x29, 0x45,
    0x29, 0x45, 0x29, 0x45, 0x29, 0x45, 0x29, 0x45, 0x29, 0x45, 0x29, 0x45, 0x29, 0x45, 0x29, 0x45,
    0x29, 0x45, 0x29, 0x45, 0x29, 0x45, 0x29, 0x45, 0x29, 0x45, 0x29, 0x45, 0x29, 0x45, 0x29, 0x45,
    0x29, 0x45, 0x29, 0x45, 0x29, 0x45, 0x29, 0x45, 0x29, 0x45, 0x29, 0x45, 0x29, 0x45, 0x29, 0x45,
    0x29, 0x45, 0x29, 0x45, 0x29, 0x45, 0x29, 0x45, 0x29, 0x45, 0x29, 0x45, 0x29, 0x45, 0x29, 0x45,
    0x29, 0x45, 0x29, 0x45, 0x29, 0x45, 0x29, 0x45, 0x29, 0x45, 0x52, 0x27, 0x5a, 0x45, 0x5a, 0x24,
    0x52, 0x04, 0x41, 0xa5, 0x8b, 0x85, 0x83, 0x66, 0x9b, 0x41, 0x72, 0xe8, 0x29, 0x45, 0x29, 0x45,
    0x29, 0x45, 0x29, 0x45, 0x29, 0x45, 0x29, 0x45, 0x29, 0x45, 0x29, 0x45, 0x29, 0x45, 0x29, 0x45,
    0x29, 0x45, 0x29, 0x45, 0x29, 0x45, 0x29, 0x45, 0x29, 0x45, 0x29, 0x45, 0x29, 0x45, 0x29, 0x45,
    0x29, 0x45, 0x29, 0x45, 0x29, 0x45, 0x29, 0x45, 0x29, 0x45, 0x29, 0x45, 0x29, 0x45, 0x29, 0x45,
    0x29, 0x45, 0x29, 0x45, 0x29, 0x45, 0x29, 0x45, 0x29, 0x45, 0x29, 0x45, 0x29, 0x45, 0x29, 0x45,
    0x29, 0x45, 0x29, 0x45, 0x29, 0x45, 0x29, 0x45, 0x29, 0x45, 0x29, 0x45, 0x29, 0x45, 0x29, 0x45,
    0x29, 0x45, 0x29, 0x45, 0x29, 0x45, 0x29, 0x45, 0x29, 0x45, 0x29, 0x45, 0x29, 0x45, 0x29, 0x45,
    0x29, 0x45, 0x29, 0x45, 0x29, 0x45, 0x29, 0x45, 0x29, 0x45, 0x29, 0x45, 0x29, 0x45, 0x29, 0x45,
    0x29, 0x45, 0x29, 0x45, 0x29, 0x45, 0x29, 0x45, 0x29, 0x45, 0x29, 0x45, 0x29, 0x45, 0x29, 0x45,
    0x29, 0x45, 0x29, 0x45, 0x29, 0x45, 0x29, 0x45, 0x29, 0x45, 0x29, 0x45, 0x29, 0x45, 0x29, 0x45,
    0x29, 0x45, 0x29, 0x45, 0x5a, 0x25, 0x5a, 0x45, 0x5a, 0x24, 0x5a, 0x45, 0x52, 0x26, 0x83, 0x65,
    0x7b, 0x67, 0x93, 0x65, 0x83, 0x45, 0x29, 0x45, 0x29, 0x45, 0x29, 0x45, 0x29, 0x45, 0x29, 0x45,
    0x29, 0x45, 0x29, 0x45, 0x29, 0x45, 0x29, 0x45, 0x29, 0x45, 0x29, 0x45, 0x29, 0x45, 0x29, 0x45,
    0x29, 0x45, 0x29, 0x45, 0x29, 0x45, 0x29, 0x45, 0x29, 0x45, 0x29, 0x45, 0x29, 0x45, 0x29, 0x45,
    0x29, 0x45, 0x29, 0x45, 0x29, 0x45, 0x29, 0x45, 0x29, 0x45, 0x29, 0x45, 0x29, 0x45, 0x29, 0x45,
    0x29, 0x45, 0x29, 0x45, 0x29, 0x45, 0x29, 0x45, 0x29, 0x45, 0x29, 0x45, 0x29, 0x45, 0x29, 0x45,
    0x29, 0x45, 0x29, 0x45, 0x29, 0x45, 0x29, 0x45, 0x29, 0x45, 0x29, 0x45, 0x29, 0x45, 0x29, 0x45,
    0x29, 0x45, 0x29, 0x45, 0x29, 0x45, 0x29, 0x45, 0x29, 0x45, 0x29, 0x45, 0x29, 0x45, 0x29, 0x45,
    0x29, 0x45, 0x29, 0x45, 0x29, 0x45, 0x29, 0x45, 0x29, 0x45, 0x29, 0x45, 0x29, 0x45, 0x29, 0x45,
    0x29, 0x45, 0x29, 0x45, 0x29, 0x45, 0x29, 0x45, 0x29, 0x45, 0x29, 0x45, 0x29, 0x45, 0x29, 0x45,
    0x29, 0x45, 0x29, 0x45, 0x29, 0x45, 0x29, 0x45, 0x29, 0x45, 0x29, 0x45, 0x29, 0x45, 0x5a, 0x45,
    0x5a, 0x24, 0x62, 0x64, 0x83, 0x45, 0x93, 0xa5, 0x62, 0xe7, 0x7b, 0x65, 0x83, 0x66, 0x29, 0x45,
    0x29, 0x45, 0x29, 0x45, 0x29, 0x45, 0x29, 0x45, 0x29, 0x45, 0x29, 0x45, 0x29, 0x45, 0x29, 0x45,
    0x29, 0x45, 0x29, 0x45, 0x29, 0x45, 0x29, 0x45, 0x29, 0x45, 0x29, 0x45, 0x29, 0x45, 0x29, 0x45,
    0x29, 0x45, 0x29, 0x45, 0x29, 0x45, 0x29, 0x45, 0x29, 0x45, 0x29, 0x45, 0x29, 0x45, 0x29, 0x45,
    0x29, 0x45, 0x29, 0x45, 0x29, 0x45, 0x29, 0x45, 0x29, 0x45, 0x29, 0x45, 0x29, 0x45, 0x29, 0x45,
    0x29, 0x45, 0x29, 0x45, 0x29, 0x45, 0x29, 0x45, 0x29, 0x45, 0x29, 0x45, 0x29, 0x45, 0x29, 0x45,
    0x29, 0x45, 0x29, 0x45, 0x29, 0x45, 0x29, 0x45, 0x29, 0x45, 0x29, 0x45, 0x29, 0x45, 0x29, 0x45,
    0x29, 0x45, 0x29, 0x45, 0x29, 0x45, 0x29, 0x45, 0x29, 0x45, 0x29, 0x45, 0x29, 0x45, 0x29, 0x45,
    0x29, 0x45, 0x29, 0x45, 0x29, 0x45, 0x29, 0x45, 0x29, 0x45, 0x29, 0x45, 0x29, 0x45, 0x29, 0x45,
    0x29, 0x45, 0x29, 0x45, 0x29, 0x45, 0x29, 0x45, 0x29, 0x45, 0x29, 0x45, 0x29, 0x45, 0x29, 0x45,
    0x29, 0x45, 0x29, 0x45, 0x29, 0x45, 0x29, 0x45, 0x5a, 0x45, 0x5a, 0x45, 0x62, 0x86, 0x83, 0x65,
    0x93, 0x63, 0x53, 0x0b, 0x7b, 0x65, 0x29, 0x45, 0x29, 0x45, 0x29, 0x45, 0x29, 0x45, 0x29, 0x45,
    0x29, 0x45, 0x29, 0x45, 0x29, 0x45, 0x29, 0x45, 0x29, 0x45, 0x29, 0x45, 0x29, 0x45, 0x29, 0x45,
    0x29, 0x45, 0x29, 0x45, 0x29, 0x45, 0x29, 0x45, 0x29, 0x45, 0x29, 0x45, 0x29, 0x45, 0x29, 0x45,
    0x29, 0x45, 0x29, 0x45, 0x29, 0x45, 0x29, 0x45, 0x29, 0x45, 0x29, 0x45, 0x29, 0x45, 0x29, 0x45,
    0x29, 0x45, 0x29, 0x45, 0x29, 0x45, 0x29, 0x45, 0x29, 0x45, 0x29, 0x45, 0x29, 0x45, 0x29, 0x45,
    0x29, 0x45, 0x29, 0x45, 0x29, 0x45, 0x29, 0x45, 0x29, 0x45, 0x29, 0x45, 0x29, 0x45, 0x29, 0x45,
    0x29, 0x45, 0x29, 0x45, 0x29, 0x45, 0x29, 0x45, 0x29, 0x45, 0x29, 0x45, 0x29, 0x45, 0x29, 0x45,
    0x29, 0x45, 0x29, 0x45, 0x29, 0x45, 0x29, 0x45, 0x29, 0x45, 0x29, 0x45, 0x29, 0x45, 0x29, 0x45,
    0x29, 0x45, 0x29, 0x45, 0x29, 0x45, 0x29, 0x45, 0x29, 0x45, 0x29, 0x45, 0x29, 0x45, 0x29, 0x45,
    0x29, 0x45, 0x29, 0x45, 0x29, 0x45, 0x29, 0x45, 0x29, 0x45, 0x59, 0xe2, 0x59, 0xe3, 0x59, 0xe2,
    0x59, 0xe2, 0x7b, 0x87, 0x7b, 0x87, 0x6b, 0x29, 0x6a, 0xe7, 0x7b, 0x26, 0x29, 0x45, 0x29, 0x45,
    0x29, 0x45, 0x29, 0x45, 0x29, 0x45, 0x29, 0x45, 0x29, 0x45, 0x29, 0x45, 0x29, 0x45, 0x29, 0x45,
    0x29, 0x45, 0x29, 0x45, 0x29, 0x45, 0x29, 0x45, 0x29, 0x45, 0x29, 0x45, 0x29, 0x45, 0x29, 0x45,
    0x29, 0x45, 0x29, 0x45, 0x29, 0x45, 0x29, 0x45, 0x29, 0x45, 0x29, 0x45, 0x29, 0x45, 0x29, 0x45,
    0x29, 0x45, 0x29, 0x45, 0x29, 0x45, 0x29, 0x45, 0x29, 0x45, 0x29, 0x45, 0x29, 0x45, 0x29, 0x45,
    0x29, 0x45, 0x29, 0x45, 0x29, 0x45, 0x29, 0x45, 0x29, 0x45, 0x29, 0x45, 0x29, 0x45, 0x29, 0x45,
    0x29, 0x45, 0x29, 0x45, 0x29, 0x45, 0x29, 0x45, 0x29, 0x45, 0x29, 0x45, 0x29, 0x45, 0x29, 0x45,
    0x29, 0x45, 0x29, 0x45, 0x29, 0x45, 0x29, 0x45, 0x29, 0x45, 0x29, 0x45, 0x29, 0x45, 0x29, 0x45,
    0x29, 0x45, 0x29, 0x45, 0x29, 0x45, 0x29, 0x45, 0x29, 0x45, 0x29, 0x45, 0x29, 0x45, 0x29, 0x45,
    0x29, 0x45, 0x29, 0x45, 0x29, 0x45, 0x29, 0x45, 0x29, 0x45, 0x29, 0x45, 0x29, 0x45, 0x29, 0x45,
    0x29, 0x45, 0x29, 0x45, 0x41, 0xe6, 0x5a, 0x02, 0x5a, 0x23, 0x5a, 0x23, 0x7b, 0x25, 0x7b, 0x45,
    0x6b, 0x08, 0x6b, 0x27, 0x29, 0x45, 0x29, 0x45, 0x29, 0x45, 0x29, 0x45, 0x29, 0x45, 0x29, 0x45,
    0x29, 0x45, 0x29, 0x45, 0x29, 0x45, 0x29, 0x45, 0x29, 0x45, 0x29, 0x45, 0x29, 0x45, 0x29, 0x45,
    0x29, 0x45, 0x29, 0x45, 0x29, 0x45, 0x29, 0x45, 0x29, 0x45, 0x29, 0x45, 0x29, 0x45, 0x29, 0x45,
    0x29, 0x45, 0x29, 0x45, 0x29, 0x45, 0x29, 0x45, 0x29, 0x45, 0x29, 0x45, 0x29, 0x45, 0x29, 0x45,
    0x29, 0x45, 0x29, 0x45, 0x29, 0x45, 0x29, 0x45, 0x29, 0x45, 0x29, 0x45, 0x29, 0x45, 0x29, 0x45,
    0x29, 0x45, 0x29, 0x45, 0x29, 0x45, 0x29, 0x45, 0x29, 0x45, 0x29, 0x45, 0x29, 0x45, 0x29, 0x45,
    0x29, 0x45, 0x29, 0x45, 0x29, 0x45, 0x29, 0x45, 0x29, 0x45, 0x29, 0x45, 0x29, 0x45, 0x29, 0x45,
    0x29, 0x45, 0x29, 0x45, 0x29, 0x45, 0x29, 0x45, 0x29, 0x45, 0x29, 0x45, 0x29, 0x45, 0x29, 0x45,
    0x29, 0x45, 0x29, 0x45, 0x29, 0x45, 0x29, 0x45, 0x29, 0x45, 0x29, 0x45, 0x29, 0x45, 0x29, 0x45,
    0x29, 0x45, 0x29, 0x45, 0x29, 0x45, 0x29, 0x45, 0x29, 0x45, 0x29, 0x45, 0x29, 0x45, 0x52, 0x03,
    0x59, 0xe1, 0x5a, 0x42, 0x5a, 0x42, 0x83, 0x65, 0x83, 0x64, 0x6b, 0x08, 0x6b, 0x28, 0x29, 0x45,
    0x29, 0x45, 0x29, 0x45, 0x29, 0x45, 0x29, 0x45, 0x29, 0x45, 0x29, 0x45, 0x29, 0x45, 0x29, 0x45,
    0x29, 0x45, 0x29, 0x45, 0x29, 0x45, 0x29, 0x45, 0x29, 0x45, 0x29, 0x45, 0x29, 0x45, 0x29, 0x45,
    0x29, 0x45, 0x29, 0x45, 0x29, 0x45, 0x29, 0x45, 0x29, 0x45, 0x29, 0x45, 0x29, 0x45, 0x29, 0x45,
    0x29, 0x45, 0x29, 0x45, 0x29, 0x45, 0x29, 0x45, 0x29, 0x45, 0x29, 0x45, 0x29, 0x45, 0x29, 0x45,
    0x29, 0x45, 0x29, 0x45, 0x29, 0x45, 0x29, 0x45, 0x29, 0x45, 0x29, 0x45, 0x29, 0x45, 0x29, 0x45,
    0x29, 0x45, 0x29, 0x45, 0x29, 0x45, 0x29, 0x45, 0x29, 0x45, 0x29, 0x45, 0x29, 0x45, 0x29, 0x45,
    0x29, 0x45, 0x29, 0x45, 0x29, 0x45, 0x29, 0x45, 0x29, 0x45, 0x29, 0x45, 0x29, 0x45, 0x29, 0x45,
    0x29, 0x45, 0x29, 0x45, 0x29, 0x45, 0x29, 0x45, 0x29, 0x45, 0x29, 0x45, 0x29, 0x45, 0x29, 0x45,
    0x29, 0x45, 0x29, 0x45, 0x29, 0x45, 0x29, 0x45, 0x29, 0x45, 0x29, 0x45, 0x29, 0x45, 0x29, 0x45,
    0x29, 0x45, 0x29, 0x45, 0x5a, 0xa4, 0x5a, 0xa4, 0x62, 0xa4, 0x5a, 0x83, 0x5a, 0x64, 0x5a, 0x64,
    0x7b, 0x66, 0x83, 0x44, 0x62, 0xe9, 0x62, 0xe6, 0x29, 0x45, 0x29, 0x45, 0x29, 0x45, 0x29, 0x45,
    0x29, 0x45, 0x29, 0x45, 0x29, 0x45, 0x29, 0x45, 0x29, 0x45, 0x29, 0x45, 0x29, 0x45, 0x29, 0x45,
    0x29, 0x45, 0x29, 0x45, 0x29, 0x45, 0x29, 0x45, 0x29, 0x45, 0x29, 0x45, 0x29, 0x45, 0x29, 0x45,
    0x29, 0x45, 0x29, 0x45, 0x29, 0x45, 0x29, 0x45, 0x29, 0x45, 0x29, 0x45, 0x29, 0x45, 0x29, 0x45,
    0x29, 0x45, 0x29, 0x45, 0x29, 0x45, 0x29, 0x45, 0x29, 0x45, 0x29, 0x45, 0x29, 0x45, 0x29, 0x45,
    0x29, 0x45, 0x29, 0x45, 0x29, 0x45, 0x29, 0x45, 0x29, 0x45, 0x29, 0x45, 0x29, 0x45, 0x29, 0x45,
    0x29, 0x45, 0x29, 0x45, 0x29, 0x45, 0x29, 0x45, 0x29, 0x45, 0x29, 0x45, 0x29, 0x45, 0x29, 0x45,
    0x29, 0x45, 0x29, 0x45, 0x29, 0x45, 0x29, 0x45, 0x29, 0x45, 0x29, 0x45, 0x29, 0x45, 0x29, 0x45,
    0x29, 0x45, 0x29, 0x45, 0x29, 0x45, 0x29, 0x45, 0x29, 0x45, 0x29, 0x45, 0x29, 0x45, 0x29, 0x45,
    0x29, 0x45, 0x29, 0x45, 0x29, 0x45, 0x29, 0x45, 0x29, 0x45, 0x29, 0x45, 0x52, 0x24, 0x41, 0xc6,
    0x51, 0xc2, 0x5a, 0xa4, 0x62, 0xe4, 0x62, 0xe4, 0x62, 0xe4, 0x7b, 0x85, 0x7b, 0x64, 0x62, 0xc7,
    0x62, 0xe5, 0x29, 0x45, 0x29, 0x45, 0x29, 0x45, 0x29, 0x45, 0x29, 0x45, 0x29, 0x45, 0x29, 0x45,
    0x29, 0x45, 0x29, 0x45, 0x29, 0x45, 0x29, 0x45, 0x29, 0x45, 0x29, 0x45, 0x29, 0x45, 0x29, 0x45,
    0x29, 0x45, 0x29, 0x45, 0x29, 0x45, 0x29, 0x45, 0x29, 0x45, 0x29, 0x45, 0x29, 0x45, 0x29, 0x45,
    0x29, 0x45, 0x29, 0x45, 0x29, 0x45, 0x29, 0x45, 0x29, 0x45, 0x29, 0x45, 0x29, 0x45, 0x29, 0x45,
    0x29, 0x45, 0x29, 0x45, 0x29, 0x45, 0x29, 0x45, 0x29, 0x45, 0x29, 0x45, 0x29, 0x45, 0x29, 0x45,
    0x29, 0x45, 0x29, 0x45, 0x29, 0x45, 0x29, 0x45, 0x29, 0x45, 0x29, 0x45, 0x29, 0x45, 0x29, 0x45,
    0x29, 0x45, 0x29, 0x45, 0x29, 0x45, 0x29, 0x45, 0x29, 0x45, 0x29, 0x45, 0x29, 0x45, 0x29, 0x45,
    0x29, 0x45, 0x29, 0x45, 0x29, 0x45, 0x29, 0x45, 0x29, 0x45, 0x29, 0x45, 0x29, 0x45, 0x29, 0x45,
    0x29, 0x45, 0x29, 0x45, 0x29, 0x45, 0x29, 0x45, 0x29, 0x45, 0x29, 0x45, 0x29, 0x45, 0x29, 0x45,
    0x29, 0x45, 0x29, 0x45, 0x29, 0x45, 0x5a, 0x44, 0x52, 0x23, 0x5a, 0xa4, 0x62, 0xc4, 0x62, 0xe5,
    0x62, 0xe4, 0x62, 0xe4, 0x73, 0x65, 0x73, 0x44, 0x5a, 0xe6, 0x62, 0xe5, 0x52, 0xa6, 0x29, 0x45,
    0x29, 0x45, 0x29, 0x45, 0x29, 0x45, 0x29, 0x45, 0x29, 0x45, 0x29, 0x45, 0x29, 0x45, 0x29, 0x45,
    0x29, 0x45, 0x29, 0x45, 0x29, 0x45, 0x29, 0x45, 0x29, 0x45, 0x29, 0x45, 0x29, 0x45, 0x29, 0x45,
    0x29, 0x45, 0x29, 0x45, 0x29, 0x45, 0x29, 0x45, 0x29, 0x45, 0x29, 0x45, 0x29, 0x45, 0x29, 0x45,
    0x29, 0x45, 0x29, 0x45, 0x29, 0x45, 0x29, 0x45, 0x29, 0x45, 0x29, 0x45, 0x29, 0x45, 0x29, 0x45,
    0x29, 0x45, 0x29, 0x45, 0x29, 0x45, 0x29, 0x45, 0x29, 0x45, 0x29, 0x45, 0x29, 0x45, 0x29, 0x45,
    0x29, 0x45, 0x29, 0x45, 0x29, 0x45, 0x29, 0x45, 0x29, 0x45, 0x29, 0x45, 0x29, 0x45, 0x29, 0x45,
    0x29, 0x45, 0x29, 0x45, 0x29, 0x45, 0x29, 0x45, 0x29, 0x45, 0x29, 0x45, 0x29, 0x45, 0x29, 0x45,
    0x29, 0x45, 0x29, 0x45, 0x29, 0x45, 0x29, 0x45, 0x29, 0x45, 0x29, 0x45, 0x29, 0x45, 0x29, 0x45,
    0x29, 0x45, 0x29, 0x45, 0x29, 0x45, 0x29, 0x45, 0x29, 0x45, 0x29, 0x45, 0x29, 0x45, 0x29, 0x45,
    0x52, 0x23, 0x5a, 0x44, 0x63, 0x48, 0x6b, 0x46, 0x73, 0x66, 0x73, 0x66, 0x73, 0x66, 0x6b, 0x65,
    0x73, 0x85, 0x63, 0x05, 0x52, 0x66, 0x52, 0x24, 0x52, 0x24, 0x29, 0x45, 0x29, 0x45, 0x29, 0x45,
    0x29, 0x45, 0x29, 0x45, 0x29, 0x45, 0x29, 0x45, 0x29, 0x45, 0x29, 0x45, 0x29, 0x45, 0x29, 0x45,
    0x29, 0x45, 0x29, 0x45, 0x29, 0x45, 0x29, 0x45, 0x29, 0x45, 0x29, 0x45, 0x29, 0x45, 0x29, 0x45,
    0x29, 0x45, 0x29, 0x45, 0x29, 0x45, 0x29, 0x45, 0x29, 0x45, 0x29, 0x45, 0x29, 0x45, 0x29, 0x45,
    0x29, 0x45, 0x29, 0x45, 0x29, 0x45, 0x29, 0x45, 0x29, 0x45, 0x29, 0x45, 0x29, 0x45, 0x29, 0x45,
    0x29, 0x45, 0x29, 0x45, 0x29, 0x45, 0x29, 0x45, 0x29, 0x45, 0x29, 0x45, 0x29, 0x45, 0x29, 0x45,
    0x29, 0x45, 0x29, 0x45, 0x29, 0x45, 0x29, 0x45, 0x29, 0x45, 0x29, 0x45, 0x29, 0x45, 0x29, 0x45,
    0x29, 0x45, 0x29, 0x45, 0x29, 0x45, 0x29, 0x45, 0x29, 0x45, 0x29, 0x45, 0x29, 0x45, 0x29, 0x45,
    0x29, 0x45, 0x29, 0x45, 0x29, 0x45, 0x29, 0x45, 0x29, 0x45, 0x29, 0x45, 0x29, 0x45, 0x29, 0x45,
    0x29, 0x45, 0x29, 0x45, 0x29, 0x45, 0x29, 0x45, 0x29, 0x45, 0x52, 0x24, 0x52, 0x45, 0x6b, 0x69,
    0x73, 0x66, 0x6b, 0x66, 0x73, 0x66, 0x73, 0x66, 0x6b, 0x65, 0x73, 0x85, 0x62, 0xe5, 0x52, 0x46,
    0x52, 0x25, 0x62, 0xa3, 0x29, 0x45, 0x29, 0x45, 0x29, 0x45, 0x29, 0x45, 0x29, 0x45, 0x29, 0x45,
    0x29, 0x45, 0x29, 0x45, 0x29, 0x45, 0x29, 0x45, 0x29, 0x45, 0x29, 0x45, 0x29, 0x45, 0x29, 0x45,
    0x29, 0x45, 0x29, 0x45, 0x29, 0x45, 0x29, 0x45, 0x29, 0x45, 0x29, 0x45, 0x29, 0x45, 0x29, 0x45,
    0x29, 0x45, 0x29, 0x45, 0x29, 0x45, 0x29, 0x45, 0x29, 0x45, 0x29, 0x45, 0x29, 0x45, 0x29, 0x45,
    0x29, 0x45, 0x29, 0x45, 0x29, 0x45, 0x29, 0x45, 0x29, 0x45, 0x29, 0x45, 0x29, 0x45, 0x29, 0x45,
    0x29, 0x45, 0x29, 0x45, 0x29, 0x45, 0x29, 0x45, 0x29, 0x45, 0x29, 0x45, 0x29, 0x45, 0x29, 0x45,
    0x29, 0x45, 0x29, 0x45, 0x39, 0x83, 0x39, 0x64, 0x41, 0xa2, 0x41, 0x63, 0x41, 0x63, 0x41, 0x83,
    0x41, 0x83, 0x39, 0x83, 0x41, 0xa3, 0x41, 0xa3, 0x41, 0xa3, 0x41, 0xa3, 0x41, 0xa3, 0x41, 0xa3,
    0x41, 0xa3, 0x41, 0x83, 0x41, 0x84, 0x41, 0x84, 0x41, 0x84, 0x41, 0x85, 0x49, 0xa4, 0x49, 0x84,
    0x49, 0x85, 0x5a, 0x67, 0x5a, 0x04, 0x5a, 0x03, 0x51, 0xe3, 0x51, 0xe3, 0x51, 0xe3, 0x51, 0xe4,
    0x51, 0xe4, 0x49, 0xe4, 0x49, 0xe4, 0x5a, 0x44, 0x62, 0xc4, 0x6a, 0xe4, 0x62, 0xc2, 0x62, 0xc4,
    0x41, 0x83, 0x39, 0x42, 0x41, 0x63, 0x41, 0x63, 0x41, 0x83, 0x41, 0x83, 0x41, 0x83, 0x41, 0x83,
    0x41, 0xa3, 0x41, 0x83, 0x41, 0x83, 0x41, 0x83, 0x41, 0x63, 0x41, 0x63, 0x41, 0x84, 0x41, 0xa5,
    0x49, 0x62, 0x49, 0x83, 0x29, 0x45, 0x29, 0x45, 0x29, 0x45, 0x29, 0x45, 0x29, 0x45, 0x29, 0x45,
    0x29, 0x45, 0x29, 0x45, 0x29, 0x45, 0x29, 0x45, 0x29, 0x45, 0x29, 0x45, 0x29, 0x45, 0x29, 0x45,
    0x29, 0x45, 0x29, 0x45, 0x29, 0x45, 0x29, 0x45, 0x29, 0x45, 0x29, 0x45, 0x29, 0x45, 0x29, 0x45,
    0x29, 0x45, 0x29, 0x45, 0x29, 0x45, 0x29, 0x45, 0x29, 0x45, 0x29, 0x45, 0x29, 0x45, 0x39, 0x63,
    0x39, 0x84, 0x41, 0x82, 0x49, 0xa4, 0x49, 0xa4, 0x49, 0xa4, 0x49, 0xa4, 0x49, 0xa4, 0x49, 0xa4,
    0x49, 0xa4, 0x49, 0xc4, 0x49, 0xc4, 0x49, 0xa4, 0x49, 0xa4, 0x49, 0xa4, 0x49, 0xa4, 0x49, 0xa4,
    0x49, 0xa5, 0x49, 0xa5, 0x49, 0xa5, 0x49, 0x85, 0x49, 0x84, 0x49, 0xc5, 0x5a, 0x66, 0x5a, 0x04,
    0x5a, 0x04, 0x5a, 0x04, 0x5a, 0x04, 0x5a, 0x04, 0x5a, 0x04, 0x5a, 0x04, 0x51, 0xe4, 0x49, 0xe4,
    0x5a, 0x45, 0x62, 0xa4, 0x62, 0xa4, 0x62, 0xc3, 0x62, 0xe4, 0x41, 0xa4, 0x41, 0x64, 0x49, 0xa4,
    0x49, 0xa4, 0x49, 0xa4, 0x49, 0xa4, 0x49, 0xa4, 0x49, 0xa4, 0x49, 0xa4, 0x49, 0xa4, 0x49, 0xa4,
    0x49, 0xa4, 0x49, 0xc4, 0x49, 0xc4, 0x49, 0xc5, 0x41, 0xe6, 0x49, 0xa3, 0x49, 0x63, 0x29, 0x45,
    0x29, 0x45, 0x29, 0x45, 0x29, 0x45, 0x29, 0x45, 0x29, 0x45, 0x29, 0x45, 0x29, 0x45, 0x29, 0x45,
    0x29, 0x45, 0x29, 0x45, 0x29, 0x45, 0x29, 0x45, 0x29, 0x45, 0x29, 0x45, 0x29, 0x45, 0x29, 0x45,
    0x29, 0x45, 0x29, 0x45, 0x29, 0x45, 0x29, 0x45, 0x29, 0x45, 0x29, 0x45, 0x29, 0x45, 0x29, 0x45,
    0x29, 0x45, 0x29, 0x45, 0x29, 0x45, 0x29, 0x45, 0x41, 0xa3, 0x39, 0x63, 0x39, 0x61, 0x41, 0x63,
    0x39, 0x63, 0x39, 0x63, 0x39, 0x63, 0x39, 0x43, 0x39, 0x63, 0x39, 0x63, 0x39, 0x63, 0x39, 0x43,
    0x39, 0x63, 0x39, 0x43, 0x39, 0x43, 0x39, 0x43, 0x39, 0x43, 0x39, 0x43, 0x39, 0x43, 0x39, 0x43,
    0x39, 0x63, 0x39, 0x23, 0x39, 0x43, 0x51, 0xe5, 0x51, 0xc3, 0x51, 0xc3, 0x51, 0xc3, 0x51, 0xa3,
    0x51, 0xa3, 0x51, 0xc3, 0x51, 0xc3, 0x49, 0xc3, 0x49, 0xa4, 0x49, 0xe4, 0x5a, 0x44, 0x5a, 0x64,
    0x5a, 0xa3, 0x5a, 0xa3, 0x39, 0x62, 0x31, 0x02, 0x39, 0x42, 0x39, 0x42, 0x39, 0x43, 0x39, 0x43,
    0x41, 0x43, 0x39, 0x42, 0x41, 0x63, 0x41, 0x43, 0x41, 0x63, 0x41, 0x63, 0x41, 0x83, 0x41, 0x63,
    0x41, 0x84, 0x41, 0xa4, 0x49, 0x61, 0x49, 0x66, 0x29, 0x45, 0x29, 0x45, 0x29, 0x45, 0x29, 0x45,
    0x29, 0x45, 0x29, 0x45, 0x29, 0x45, 0x29, 0x45, 0x29, 0x45, 0x29, 0x45, 0x29, 0x45, 0x29, 0x45,
    0x29, 0x45, 0x29, 0x45, 0x29, 0x45, 0x29, 0x45, 0x29, 0x45, 0x29, 0x45, 0x29, 0x45, 0x29, 0x45,
    0x29, 0x45, 0x29, 0x45, 0x29, 0x45, 0x29, 0x45, 0x41, 0x63, 0x49, 0x42, 0x49, 0x42, 0x41, 0x46,
    0x42, 0x46, 0xbe, 0x12, 0x39, 0xa3, 0x39, 0x61, 0x39, 0x63, 0x39, 0x84, 0x39, 0xa4, 0x39, 0xa5,
    0x41, 0xe5, 0x42, 0x06, 0x42, 0x06, 0x42, 0x06, 0x41, 0xe6, 0x41, 0xe5, 0x41, 0xe5, 0x41, 0xe5,
    0x41, 0xc5, 0x39, 0xc5, 0x39, 0xc5, 0x41, 0xe5, 0x41, 0xe5, 0x4a, 0x05, 0x41, 0xe5, 0x41, 0xe6,
    0x52, 0x46, 0x5a, 0x66, 0x5a, 0x66, 0x5a, 0x66, 0x5a, 0x46, 0x5a, 0x45, 0x5a, 0x45, 0x5a, 0x45,
    0x62, 0x66, 0x62, 0x86, 0x62, 0xc6, 0x62, 0xe6, 0x6b, 0x06, 0x6b, 0x27, 0x6b, 0x27, 0x42, 0x05,
    0x39, 0xc5, 0x39, 0xc5, 0x39, 0xc5, 0x39, 0xa5, 0x39, 0xa4, 0x39, 0xa4, 0x39, 0xa5, 0x39, 0xa5,
    0x41, 0xc5, 0x39, 0x84, 0x39, 0x44, 0x31, 0x43, 0x31, 0x43, 0x39, 0x64, 0x39, 0xa4, 0x41, 0x82,
    0x49, 0xa5, 0x29, 0x45, 0x29, 0x45, 0x29, 0x45, 0x29, 0x45, 0x29, 0x45, 0x29, 0x45, 0x29, 0x45,
    0x29, 0x45, 0x29, 0x45, 0x29, 0x45, 0x29, 0x45, 0x29, 0x45, 0x29, 0x45, 0x29, 0x45, 0x29, 0x45,
    0x29, 0x45, 0x29, 0x45, 0x29, 0x45, 0x29, 0x45, 0x29, 0x45, 0x29, 0x45, 0x29, 0x45, 0x29, 0x45,
    0x29, 0x45, 0x39, 0x64, 0x41, 0xa4, 0x49, 0xc4, 0x49, 0xc4, 0x41, 0x43, 0x52, 0x46, 0xce, 0x95,
    0xd6, 0x94, 0xce, 0x94, 0xce, 0x74, 0xce, 0x94, 0xd6, 0x94, 0xd6, 0x94, 0xd6, 0x94, 0xd6, 0x94,
    0xd6, 0x94, 0xd6, 0x94, 0xd6, 0x94, 0xd6, 0x94, 0xd6, 0x94, 0xd6, 0x94, 0xd6, 0x94, 0xd6, 0x94,
    0xd6, 0x94, 0xd6, 0x94, 0xd6, 0x94, 0xce, 0x74, 0xce, 0x94, 0xce, 0x94, 0xce, 0x74, 0xce, 0x93,
    0xce, 0x93, 0xce, 0x93, 0xd6, 0x93, 0xd6, 0x93, 0xd6, 0x93, 0xd6, 0x93, 0xd6, 0x93, 0xd6, 0x93,
    0xd6, 0x93, 0xd6, 0x93, 0xd6, 0x93, 0xd6, 0x93, 0xd6, 0x93, 0xd6, 0x93, 0xd6, 0xb4, 0xd6, 0xb4,
    0xd6, 0xb4, 0xd6, 0xb4, 0xd6, 0xb4, 0xd6, 0xb4, 0xd6, 0x94, 0xd6, 0x94, 0xd6, 0x94, 0xd6, 0x94,
    0xd6, 0x94, 0xd6, 0x94, 0xd6, 0x94, 0xce, 0x53, 0xdf, 0x17, 0xbe, 0x34, 0x39, 0x02, 0x51, 0xc5,
    0x49, 0x84, 0x41, 0x64, 0x41, 0x84, 0x29, 0x45, 0x29, 0x45, 0x29, 0x45, 0x29, 0x45, 0x29, 0x45,
    0x29, 0x45, 0x29, 0x45, 0x29, 0x45, 0x29, 0x45, 0x29, 0x45, 0x29, 0x45, 0x29, 0x45, 0x29, 0x45,
    0x29, 0x45, 0x29, 0x45, 0x29, 0x45, 0x29, 0x45, 0x29, 0x45, 0x73, 0x48, 0x20, 0xe1, 0x31, 0x02,
    0x39, 0x42, 0x39, 0x62, 0x39, 0x01, 0x52, 0x25, 0xd6, 0x95, 0xde, 0xb4, 0xd6, 0x94, 0xd6, 0xb4,
    0xd6, 0xb4, 0xd6, 0xb4, 0xd6, 0xb4, 0xd6, 0xb4, 0xd6, 0xb4, 0xd6, 0xb4, 0xd6, 0xb4, 0xd6, 0xb4,
    0xd6, 0xb4, 0xd6, 0xb4, 0xd6, 0xb4, 0xd6, 0xb4, 0xd6, 0xb4, 0xd6, 0x94, 0xd6, 0x94, 0xd6, 0x94,
    0xd6, 0x94, 0xd6, 0x94, 0xd6, 0x94, 0xd6, 0x94, 0xd6, 0x94, 0xd6, 0x94, 0xd6, 0x94, 0xd6, 0x94,
    0xd6, 0xb3, 0xd6, 0xb3, 0xd6, 0xb4, 0xd6, 0xb4, 0xd6, 0xb3, 0xd6, 0xb3, 0xd6, 0xb3, 0xd6, 0xb3,
    0xd6, 0xb3, 0xd6, 0xb4, 0xd6, 0xb4, 0xd6, 0xb4, 0xd6, 0xb4, 0xd6, 0xb4, 0xd6, 0xb4, 0xd6, 0xb4,
    0xd6, 0xd5, 0xd6, 0xb5, 0xd6, 0xb5, 0xd6, 0xb5, 0xd6, 0xb5, 0xd6, 0xb5, 0xd6, 0xb5, 0xd6, 0xb5,
    0xce, 0x74, 0xe7, 0x58, 0xc6, 0x34, 0x28, 0xa1, 0x41, 0x63, 0x39, 0x22, 0x39, 0x43, 0x62, 0xc8,
    0x5a, 0xc9, 0x29, 0x45, 0x29, 0x45, 0x29, 0x45, 0x29, 0x45, 0x29, 0x45, 0x29, 0x45, 0x29, 0x45,
    0x29, 0x45, 0x29, 0x45, 0x29, 0x45, 0x29, 0x45, 0x29, 0x45, 0x29, 0x45, 0x29, 0x45, 0x39, 0x03,
    0x39, 0x23, 0x41, 0x44, 0xad, 0x2e, 0x73, 0x88, 0x83, 0xca, 0x8c, 0x2b, 0x94, 0x6c, 0x94, 0x6c,
    0xa4, 0xce, 0xd6, 0xb5, 0xd6, 0xb4, 0xd6, 0xb4, 0xd6, 0xb4, 0xd6, 0xb4, 0xd6, 0xb4, 0xd6, 0xb4,
    0xd6, 0xb4, 0xd6, 0xb4, 0xd6, 0xb4, 0xd6, 0xb4, 0xd6, 0xb4, 0xd6, 0xb4, 0xd6, 0xb4, 0xd6, 0xb4,
    0xd6, 0xb4, 0xd6, 0xb4, 0xd6, 0xb4, 0xd6, 0x94, 0xd6, 0xb4, 0xd6, 0xb4, 0xd6, 0x94, 0xd6, 0x94,
    0xd6, 0x94, 0xd6, 0x94, 0xd6, 0x94, 0xd6, 0x93, 0xd6, 0x93, 0xd6, 0x93, 0xd6, 0x93, 0xd6, 0xb3,
    0xd6, 0xb3, 0xd6, 0xb3, 0xd6, 0xb3, 0xd6, 0xb3, 0xd6, 0xb3, 0xd6, 0xb3, 0xd6, 0xb3, 0xd6, 0xb4,
    0xd6, 0xb4, 0xd6, 0xb4, 0xd6, 0xb4, 0xd6, 0xb4, 0xd6, 0xd4, 0xd6, 0xb4, 0xd6, 0xb4, 0xd6, 0xb5,
    0xd6, 0xb5, 0xd6, 0xb4, 0xd6, 0xb4, 0xd6, 0xb4, 0xd6, 0xb5, 0xd6, 0x94, 0xe7, 0x16, 0xce, 0x74,
    0x6a, 0xe7, 0x7b, 0x89, 0x73, 0x49, 0x5a, 0xc9, 0x6a, 0xe7, 0x42, 0x29, 0x39, 0xa6, 0x39, 0x85,
    0x29, 0x45, 0x29, 0x45, 0x29, 0x45, 0x29, 0x45, 0x29, 0x45, 0x29, 0x45, 0x29, 0x45, 0x29, 0x45,
    0x29, 0x45, 0x29, 0x45, 0x29, 0x45, 0x29, 0x45, 0x31, 0x02, 0x39, 0x43, 0x41, 0x43, 0x31, 0x02,
    0xbd, 0xaf, 0xb5, 0xaf, 0xce, 0x73, 0xce, 0x74, 0xce, 0x73, 0xce, 0x74, 0xce, 0x94, 0xd6, 0x94,
    0xd6, 0xb4, 0xd6, 0xb4, 0xd6, 0xb4, 0xd6, 0xb4, 0xd6, 0xb4, 0xd6, 0xb4, 0xd6, 0xb4, 0xd6, 0xb4,
    0xd6, 0xb4, 0xd6, 0xb4, 0xd6, 0xb4, 0xd6, 0xb4, 0xd6, 0xb4, 0xd6, 0xb4, 0xd6, 0xb4, 0xd6, 0xb4,
    0xd6, 0x94, 0xd6, 0x94, 0xd6, 0x94, 0xd6, 0x94, 0xd6, 0x94, 0xd6, 0x94, 0xd6, 0x94, 0xd6, 0x94,
    0xd6, 0x94, 0xd6, 0x94, 0xd6, 0xb4, 0xd6, 0xb4, 0xd6, 0xb4, 0xd6, 0xb4, 0xd6, 0xb4, 0xd6, 0xb4,
    0xd6, 0xb4, 0xd6, 0xb4, 0xd6, 0xb4, 0xd6, 0xb4, 0xd6, 0xb4, 0xd6, 0xb4, 0xd6, 0xb4, 0xd6, 0xb4,
    0xd6, 0xb4, 0xd6, 0xb4, 0xd6, 0xb4, 0xd6, 0xb4, 0xd6, 0xb4, 0xd6, 0xb4, 0xd6, 0xb4, 0xd6, 0xb4,
    0xd6, 0xb4, 0xd6, 0xb4, 0xd6, 0xb5, 0xd6, 0xb5, 0xd6, 0xb4, 0xd6, 0x94, 0xd6, 0xb4, 0xde, 0xd4,
    0xa5, 0x2f, 0x73, 0x8a, 0x31, 0x24, 0x31, 0x86, 0x39, 0x83, 0x29, 0x45, 0x29, 0x45, 0x29, 0x45,
    0x29, 0x45, 0x29, 0x45, 0x29, 0x45, 0x29, 0x45, 0x29, 0x45, 0x29, 0x45, 0x29, 0x45, 0x29, 0x45,
    0x29, 0x45, 0x30, 0xc0, 0x39, 0x22, 0x39, 0x22, 0x30, 0xe2, 0xb5, 0xaf, 0xb5, 0x90, 0xd6, 0x94,
    0xd6, 0x94, 0xd6, 0x94, 0xd6, 0x94, 0xd6, 0x94, 0xd6, 0x94, 0xd6, 0xb4, 0xd6, 0x94, 0xd6, 0xb4,
    0xd6, 0xb4, 0xd6, 0xb4, 0xd6, 0xb4, 0xd6, 0xb4, 0xd6, 0xb4, 0xd6, 0xb4, 0xd6, 0xb4, 0xd6, 0xb4,
    0xd6, 0xb4, 0xd6, 0xb4, 0xd6, 0xb4, 0xd6, 0xb4, 0xd6, 0xb4, 0xde, 0xb4, 0xd6, 0xb4, 0xd6, 0xb4,
    0xd6, 0xb4, 0xd6, 0xb4, 0xd6, 0xb4, 0xd6, 0xb4, 0xd6, 0xb4, 0xd6, 0xb4, 0xd6, 0xb4, 0xd6, 0xb4,
    0xd6, 0xb4, 0xd6, 0xb4, 0xd6, 0xb4, 0xd6, 0xb4, 0xd6, 0xb4, 0xd6, 0xb4, 0xd6, 0xb4, 0xd6, 0xb4,
    0xd6, 0xb4, 0xd6, 0xb4, 0xde, 0xb4, 0xde, 0xb4, 0xde, 0xd5, 0xde, 0xd5, 0xde, 0xd5, 0xde, 0xd5,
    0xde, 0xd5, 0xde, 0xd5, 0xd6, 0xd5, 0xd6, 0xd5, 0xde, 0xd5, 0xde, 0xd4, 0xd6, 0xb4, 0xd6, 0xb4,
    0xd6, 0xb4, 0xd6, 0xb4, 0xd6, 0xb4, 0xde, 0xd5, 0xde, 0xd5, 0xad, 0x2f, 0x73, 0x69, 0x29, 0x03,
    0x63, 0x08, 0x31, 0x63, 0x29, 0x45, 0x29, 0x45, 0x29, 0x45, 0x29, 0x45, 0x29, 0x45, 0x29, 0x45,
    0x29, 0x45, 0x29, 0x45, 0x29, 0x45, 0x41, 0x86, 0x49, 0x85, 0x49, 0x86, 0xc5, 0xf0, 0xbd, 0xb0,
    0xbd, 0xb0, 0xbd, 0xd0, 0xd6, 0x94, 0xd6, 0x94, 0xd6, 0x94, 0xd6, 0x94, 0xd6, 0x94, 0xd6, 0x94,
    0xd6, 0x94, 0xd6, 0x94, 0xde, 0xd5, 0xd6, 0x94, 0x73, 0x06, 0x6a, 0x64, 0x72, 0xa5, 0x72, 0x85,
    0x72, 0x85, 0x72, 0x85, 0x72, 0x85, 0x72, 0x85, 0x72, 0x85, 0x72, 0x85, 0x72, 0xa5, 0x72, 0xa5,
    0x72, 0xa5, 0x72, 0xa5, 0x72, 0xa5, 0x72, 0xa5, 0x72, 0xa5, 0x72, 0xa5, 0x72, 0xa5, 0x72, 0xa5,
    0x72, 0xa5, 0x72, 0xa5, 0x72, 0xa5, 0x72, 0xa5, 0x72, 0xa5, 0x72, 0xa5, 0x72, 0xa5, 0x72, 0xa5,
    0x72, 0xa5, 0x72, 0xa5, 0x72, 0x85, 0x72, 0xa5, 0x72, 0xa5, 0x72, 0xa5, 0x72, 0xa5, 0x72, 0xa5,
    0x72, 0xa5, 0x72, 0xc5, 0x72, 0xc5, 0x72, 0xc5, 0x7a, 0xc5, 0x7a, 0xc5, 0x7a, 0xc5, 0x7a, 0xe6,
    0x7a, 0xe6, 0x6a, 0x23, 0x8b, 0xa9, 0xd6, 0xd4, 0xd6, 0xb4, 0xd6, 0xd4, 0xd6, 0xb4, 0xd6, 0xd4,
    0xd6, 0xd4, 0xd6, 0xb4, 0xd6, 0xb4, 0xd6, 0x72, 0xb5, 0x8e, 0xad, 0x4e, 0xc6, 0x2f, 0x39, 0x05,
    0x49, 0x65, 0x51, 0x22, 0x29, 0x45, 0x29, 0x45, 0x29, 0x45, 0x29, 0x45, 0x29, 0x45, 0x29, 0x45,
    0x39, 0x86, 0x41, 0xa5, 0x49, 0x85, 0xbd, 0xd0, 0xad, 0x4f, 0xad, 0x0e, 0xb5, 0x8f, 0xd6, 0x94,
    0xd6, 0x94, 0xd6, 0x94, 0xd6, 0x94, 0xd6, 0x94, 0xd6, 0x94, 0xd6, 0x94, 0xd6, 0xb4, 0xde, 0xd5,
    0xde, 0xb5, 0x7b, 0x07, 0x72, 0xa5, 0x7a, 0xe6, 0x7a, 0xe6, 0x7a, 0xe6, 0x7a, 0xe6, 0x7b, 0x06,
    0x7b, 0x06, 0x7b, 0x07, 0x7b, 0x07, 0x7b, 0x07, 0x7b, 0x07, 0x83, 0x07, 0x83, 0x07, 0x83, 0x07,
    0x83, 0x07, 0x83, 0x07, 0x83, 0x07, 0x83, 0x07, 0x83, 0x07, 0x83, 0x07, 0x83, 0x07, 0x83, 0x07,
    0x83, 0x07, 0x83, 0x07, 0x83, 0x07, 0x83, 0x06, 0x83, 0x06, 0x82, 0xe6, 0x82, 0xe6, 0x82, 0xe6,
    0x82, 0xe6, 0x83, 0x06, 0x83, 0x06, 0x83, 0x06, 0x83, 0x07, 0x83, 0x07, 0x83, 0x27, 0x83, 0x27,
    0x83, 0x07, 0x83, 0x07, 0x83, 0x07, 0x83, 0x27, 0x83, 0x07, 0x8b, 0x27, 0x72, 0x84, 0x93, 0xea,
    0xd6, 0xb4, 0xd6, 0xb4, 0xd6, 0xb4, 0xd6, 0xb4, 0xd6, 0xd4, 0xd6, 0xb4, 0xd6, 0xb4, 0xd6, 0x94,
    0xce, 0x73, 0xad, 0x4e, 0xa4, 0xec, 0xbd, 0xce, 0x73, 0x48, 0x41, 0xa6, 0x51, 0x22, 0x29, 0x45,
    0x29, 0x45, 0x29, 0x45, 0x29, 0x45, 0x29, 0x45, 0x29, 0x45, 0x39, 0x86, 0x41, 0xa5, 0x49, 0xa5,
    0xc5, 0xf0, 0xa5, 0x0e, 0xa4, 0xed, 0xb5, 0xb0, 0xd6, 0x94, 0xd6, 0x94, 0xd6, 0x94, 0xd6, 0x94,
    0xd6, 0x94, 0xd6, 0xb5, 0xde, 0xd5, 0xde, 0xf6, 0xe7, 0x17, 0xe7, 0x16, 0x83, 0x68, 0x72, 0x85,
    0x7a, 0xc5, 0x7a, 0xc6, 0x7a, 0xc6, 0x7a, 0xe6, 0x7a, 0xe6, 0x7a, 0xe6, 0x7a, 0xe6, 0x7a, 0xc6,
    0x7a, 0xc6, 0x7a, 0xc6, 0x7a, 0xc6, 0x7a, 0xc6, 0x72, 0xa6, 0x72, 0xa5, 0x72, 0xa5, 0x72, 0xa5,
    0x72, 0xa5, 0x72, 0xa5, 0x72, 0xc5, 0x7a, 0xc6, 0x7a, 0xc6, 0x7a, 0xc6, 0x7a, 0xc6, 0x7a, 0xc6,
    0x72, 0xa5, 0x72, 0xa5, 0x72, 0xa5, 0x72, 0xa5, 0x72, 0xa5, 0x7a, 0xc5, 0x7a, 0xc5, 0x7a, 0xc5,
    0x7a, 0xc5, 0x7a, 0xe6, 0x7a, 0xe6, 0x7a, 0xe6, 0x7a, 0xe6, 0x7a, 0xe6, 0x7a, 0xe6, 0x7a, 0xe6,
    0x82, 0xe6, 0x83, 0x06, 0x83, 0x27, 0x72, 0x64, 0x93, 0xca, 0xdf, 0x16, 0xdf, 0x16, 0xde, 0xf5,
    0xde, 0xf5, 0xd6, 0xd4, 0xd6, 0xd4, 0xd6, 0xb4, 0xd6, 0xb4, 0xd6, 0x93, 0xad, 0x2e, 0x9c, 0xac,
    0xbd, 0xcf, 0x39, 0x25, 0x41, 0x86, 0x51, 0x22, 0x29, 0x45, 0x29, 0x45, 0x29, 0x45, 0x29, 0x45,
    0x29, 0x45, 0x29, 0x45, 0x41, 0x85, 0x41, 0x84, 0x49, 0xa5, 0xce, 0x72, 0xc6, 0x31, 0xce, 0x32,
    0xce, 0x52, 0xd6, 0x93, 0xd6, 0x94, 0xd6, 0x94, 0xd6, 0x94, 0xd6, 0xb5, 0xd6, 0x73, 0xc5, 0xb1,
    0xc5, 0xb1, 0xc5, 0xb1, 0xc5, 0xd2, 0x93, 0xa9, 0x7a, 0xe6, 0x83, 0x27, 0x8b, 0x47, 0x8b, 0x47,
    0x8b, 0x67, 0x8b, 0x47, 0x8b, 0x48, 0x8b, 0x47, 0x8b, 0x68, 0x8b, 0x89, 0x8b, 0x89, 0x8b, 0x69,
    0x8b, 0x89, 0x8b, 0x89, 0x8b, 0x89, 0x8b, 0x89, 0x8b, 0x69, 0x8b, 0x69, 0x8b, 0x69, 0x8b, 0x89,
    0x8b, 0x89, 0x8b, 0x89, 0x8b, 0x89, 0x8b, 0x89, 0x8b, 0x89, 0x8b, 0x69, 0x8b, 0x69, 0x83, 0x68,
    0x83, 0x48, 0x83, 0x48, 0x83, 0x28, 0x83, 0x28, 0x83, 0x28, 0x83, 0x27, 0x83, 0x27, 0x83, 0x27,
    0x83, 0x27, 0x83, 0x27, 0x8b, 0x47, 0x8b, 0x47, 0x8b, 0x47, 0x8b, 0x48, 0x93, 0x68, 0x93, 0x88,
    0x83, 0x07, 0x93, 0xca, 0xce, 0x53, 0xce, 0x74, 0xd6, 0x74, 0xde, 0xb5, 0xd6, 0xb5, 0xd6, 0xb5,
    0xd6, 0xb4, 0xd6, 0xb4, 0xd6, 0xb4, 0xc5, 0xf1, 0xbd, 0xb1, 0xd6, 0xb4, 0x31, 0x05, 0x49, 0x86,
    0x49, 0x22, 0x29, 0x45, 0x29, 0x45, 0x29, 0x45, 0x29, 0x45, 0x29, 0x45, 0x29, 0x45, 0x51, 0xa3,
    0x51, 0xa3, 0x51, 0xc5, 0xce, 0x32, 0xbd, 0xf1, 0xc6, 0x11, 0xce, 0x52, 0xd6, 0x93, 0xd6, 0x94,
    0xd6, 0x94, 0xd6, 0x94, 0xe7, 0x17, 0xb5, 0x0e, 0x72, 0x65, 0x7a, 0xc6, 0x82, 0xc6, 0x82, 0xc6,
    0xcd, 0x70, 0xdd, 0xf2, 0xd5, 0xd1, 0xd5, 0xd1, 0xd5, 0xd1, 0xd5, 0xd1, 0xdd, 0xd1, 0xdd, 0xd1,
    0xd5, 0xb0, 0xee, 0xb6, 0xf7, 0x7a, 0xf7, 0x59, 0xf7, 0x59, 0xf7, 0x59, 0xf7, 0x59, 0xf7, 0x59,
    0xf7, 0x59, 0xf7, 0x59, 0xf7, 0x59, 0xf7, 0x59, 0xf7, 0x59, 0xf7, 0x59, 0xf7, 0x59, 0xf7, 0x59,
    0xf7, 0x59, 0xf7, 0x59, 0xf7, 0x59, 0xf7, 0x59, 0xf7, 0x59, 0xf7, 0x59, 0xf7, 0x59, 0xf7, 0x59,
    0xf7, 0x59, 0xf7, 0x59, 0xf7, 0x59, 0xf7, 0x59, 0xff, 0x7a, 0xe6, 0x74, 0xde, 0x13, 0xde, 0x33,
    0xde, 0x33, 0xde, 0x33, 0xde, 0x13, 0xde, 0x13, 0xde, 0x13, 0xee, 0xb5, 0xcd, 0x90, 0x82, 0xc6,
    0x82, 0xe6, 0x72, 0x23, 0xa4, 0x6c, 0xde, 0xd5, 0xd6, 0xb5, 0xd6, 0xb5, 0xd6, 0xd5, 0xd6, 0xb4,
    0xd6, 0xb4, 0xd6, 0x93, 0xe7, 0x35, 0x31, 0x04, 0x49, 0xa6, 0x51, 0xa6, 0x29, 0x45, 0x29, 0x45,
    0x29, 0x45, 0x49, 0x43, 0x41, 0x23, 0x21, 0x04, 0x63, 0x6b, 0xad, 0x6f, 0xb5, 0x70, 0xce, 0x53,
    0xc6, 0x32, 0xce, 0x32, 0xce, 0x73, 0xd6, 0x93, 0xd6, 0xd4, 0xc5, 0xf1, 0xc5, 0xd1, 0xc5, 0xb1,
    0xac, 0xac, 0x93, 0x68, 0x93, 0x88, 0xa3, 0xe9, 0xa3, 0xea, 0xd5, 0xd2, 0xe6, 0x74, 0xde, 0x33,
    0xde, 0x33, 0xde, 0x33, 0xde, 0x33, 0xde, 0x54, 0xde, 0x54, 0xde, 0x33, 0xee, 0xb6, 0xf7, 0x18,
    0xf7, 0x18, 0xf7, 0x18, 0xf7, 0x18, 0xf7, 0x18, 0xf7, 0x18, 0xf7, 0x18, 0xf7, 0x18, 0xf7, 0x18,
    0xf7, 0x18, 0xf7, 0x18, 0xf7, 0x18, 0xf7, 0x18, 0xf7, 0x18, 0xf7, 0x18, 0xf7, 0x18, 0xf7, 0x18,
    0xf7, 0x18, 0xf7, 0x18, 0xf7, 0x18, 0xf7, 0x18, 0xf7, 0x18, 0xf7, 0x18, 0xf7, 0x18, 0xf7, 0x18,
    0xf7, 0x17, 0xf7, 0x18, 0xe6, 0x95, 0xe6, 0x74, 0xe6, 0x74, 0xe6, 0x75, 0xe6, 0x75, 0xe6, 0x74,
    0xde, 0x54, 0xde, 0x55, 0xee, 0xd6, 0xcd, 0xb1, 0x93, 0x88, 0x93, 0x88, 0x7a, 0xc5, 0xac, 0xad,
    0xde, 0xb5, 0xce, 0x53, 0xd6, 0x73, 0xd6, 0xd5, 0xd6, 0xb4, 0xd6, 0xb4, 0xd6, 0x94, 0xe6, 0xf5,
    0x7b, 0x8a, 0x84, 0x0b, 0x73, 0xab, 0xa5, 0x30, 0x49, 0xa5, 0x49, 0x63, 0x49, 0x85, 0x49, 0x84,
    0x31, 0x02, 0x6b, 0x29, 0xce, 0x74, 0xce, 0x73, 0xce, 0x73, 0xce, 0x73, 0xd6, 0x73, 0xd6, 0x93,
    0xd6, 0x93, 0xd6, 0x53, 0x83, 0x27, 0x7a, 0xa5, 0x7a, 0xa5, 0xac, 0x4b, 0xde, 0x32, 0xde, 0x12,
    0xd5, 0xd1, 0xd5, 0xf1, 0xee, 0xf7, 0xf7, 0x18, 0xf7, 0x17, 0xf7, 0x17, 0xf7, 0x17, 0xf7, 0x17,
    0xf7, 0x18, 0xf7, 0x18, 0xf7, 0x17, 0xf7, 0x18, 0xf7, 0x18, 0xf7, 0x18, 0xf7, 0x18, 0xf7, 0x18,
    0xf7, 0x18, 0xf7, 0x18, 0xf7, 0x18, 0xf7, 0x18, 0xf7, 0x18, 0xf7, 0x18, 0xf7, 0x18, 0xf7, 0x18,
    0xf7, 0x18, 0xf7, 0x18, 0xf7, 0x18, 0xf7, 0x18, 0xf7, 0x18, 0xf7, 0x18, 0xf7, 0x18, 0xf7, 0x18,
    0xf7, 0x18, 0xf7, 0x18, 0xf7, 0x18, 0xf7, 0x18, 0xf7, 0x18, 0xf7, 0x18, 0xf7, 0x18, 0xf7, 0x18,
    0xf7, 0x18, 0xf7, 0x18, 0xf7, 0x18, 0xf7, 0x18, 0xf7, 0x18, 0xf7, 0x18, 0xf7, 0x18, 0xf7, 0x39,
    0xee, 0xf6, 0xd5, 0xf2, 0xd5, 0xf2, 0xe6, 0x53, 0xc5, 0x2e, 0x7a, 0xa6, 0x7a, 0x84, 0x8b, 0x88,
    0xd6, 0xb4, 0xde, 0xb4, 0xd6, 0xb4, 0xde, 0xb4, 0xd6, 0xb4, 0xd6, 0x73, 0xd6, 0x73, 0xa5, 0x30,
    0x31, 0x64, 0x49, 0xa5, 0x49, 0x41, 0x49, 0x85, 0x49, 0x84, 0x31, 0x02, 0x6b, 0x29, 0xce, 0x74,
    0xce, 0x74, 0xce, 0x73, 0xd6, 0x93, 0xd6, 0x93, 0xd6, 0x93, 0xd6, 0x94, 0xce, 0x53, 0x83, 0x27,
    0x7a, 0xc5, 0x7a, 0xe6, 0xa4, 0x0a, 0xd5, 0xb1, 0xcd, 0x90, 0xcd, 0x90, 0xd5, 0xb1, 0xf6, 0xf7,
    0xf7, 0x18, 0xf7, 0x17, 0xf7, 0x17, 0xf7, 0x18, 0xf7, 0x17, 0xf7, 0x18, 0xf7, 0x18, 0xf7, 0x18,
    0xf7, 0x18, 0xf7, 0x18, 0xf7, 0x18, 0xf7, 0x18, 0xf7, 0x18, 0xf7, 0x18, 0xf7, 0x18, 0xf7, 0x18,
    0xf7, 0x18, 0xf7, 0x18, 0xf7, 0x18, 0xf7, 0x18, 0xf7, 0x18, 0xf7, 0x18, 0xf7, 0x18, 0xf7, 0x18,
    0xf7, 0x18, 0xf7, 0x18, 0xf7, 0x18, 0xf7, 0x18, 0xf7, 0x18, 0xf7, 0x18, 0xf7, 0x18, 0xf7, 0x18,
    0xf7, 0x18, 0xf7, 0x18, 0xf7, 0x18, 0xf7, 0x18, 0xf7, 0x18, 0xf7, 0x18, 0xf7, 0x18, 0xf7, 0x18,
    0xf7, 0x18, 0xf7, 0x18, 0xf7, 0x18, 0xf7, 0x18, 0xf7, 0x59, 0xee, 0xb6, 0xcd, 0x90, 0xc5, 0x6f,
    0xd5, 0xf2, 0xc5, 0x2e, 0x82, 0xc6, 0x7a, 0xc5, 0x93, 0xa8, 0xd6, 0xb5, 0xde, 0xb5, 0xd6, 0xb4,
    0xde, 0xb5, 0xde, 0xb5, 0xd6, 0x94, 0xd6, 0x94, 0xa5, 0x30, 0x31, 0x64, 0x49, 0xa5, 0x49, 0x41,
    0x49, 0x65, 0x49, 0x63, 0x31, 0x02, 0x6b, 0x28, 0xce, 0x74, 0xce, 0x94, 0xce, 0x93, 0xce, 0x93,
    0xce, 0x93, 0xd6, 0x94, 0xd6, 0x94, 0xd6, 0x53, 0x7b, 0x27, 0x7a, 0xa6, 0x8b, 0x27, 0xb4, 0xac,
    0xf7, 0x17, 0xff, 0x99, 0xf7, 0x58, 0xf7, 0x37, 0xf7, 0x17, 0xf7, 0x17, 0xf7, 0x17, 0xf7, 0x17,
    0xf7, 0x17, 0xf7, 0x17, 0xf7, 0x18, 0xf7, 0x18, 0xf7, 0x18, 0xf7, 0x18, 0xf7, 0x18, 0xf7, 0x18,
    0xf7, 0x18, 0xf7, 0x18, 0xf7, 0x18, 0xf7, 0x18, 0xf7, 0x18, 0xf7, 0x18, 0xf7, 0x18, 0xf7, 0x18,
    0xf7, 0x18, 0xf7, 0x18, 0xf7, 0x18, 0xf7, 0x18, 0xf7, 0x18, 0xf7, 0x18, 0xf7, 0x18, 0xf7, 0x18,
    0xf7, 0x18, 0xf7, 0x18, 0xf7, 0x18, 0xf7, 0x18, 0xf7, 0x18, 0xf7, 0x18, 0xf7, 0x18, 0xf7, 0x18,
    0xf7, 0x18, 0xf7, 0x18, 0xf7, 0x18, 0xf7, 0x18, 0xf7, 0x18, 0xf7, 0x18, 0xf7, 0x18, 0xf7, 0x18,
    0xf7, 0x18, 0xf7, 0x18, 0xf7, 0x38, 0xf7, 0x59, 0xf7, 0x17, 0xee, 0xd6, 0xbd, 0x2f, 0x82, 0xc6,
    0x7a, 0xc5, 0x93, 0xc8, 0xd6, 0xb5, 0xde, 0xb4, 0xde, 0xb4, 0xd6, 0xb4, 0xde, 0xb4, 0xd6, 0x94,
    0xd6, 0x94, 0xa5, 0x30, 0x31, 0x43, 0x49, 0xa4, 0x49, 0x40, 0x41, 0x65, 0x49, 0x62, 0x31, 0x02,
    0x6b, 0x28, 0xce, 0x74, 0xce, 0x74, 0xce, 0x93, 0xce, 0x93, 0xce, 0x93, 0xd6, 0x94, 0xde, 0xd5,
    0xe6, 0xb5, 0x7b, 0x07, 0x72, 0x65, 0x93, 0x47, 0xac, 0x4b, 0xee, 0xf7, 0xf7, 0x59, 0xf7, 0x17,
    0xf7, 0x17, 0xf7, 0x17, 0xf7, 0x17, 0xf7, 0x17, 0xf7, 0x17, 0xf7, 0x17, 0xf7, 0x18, 0xf7, 0x18,
    0xf7, 0x18, 0xf7, 0x18, 0xf7, 0x18, 0xf7, 0x18, 0xf7, 0x18, 0xf7, 0x18, 0xf7, 0x18, 0xf7, 0x18,
    0xf7, 0x18, 0xf7, 0x18, 0xf7, 0x18, 0xf7, 0x18, 0xf7, 0x18, 0xf7, 0x18, 0xf7, 0x18, 0xf7, 0x18,
    0xf7, 0x18, 0xf7, 0x18, 0xf7, 0x18, 0xf7, 0x18, 0xf7, 0x18, 0xf7, 0x18, 0xf7, 0x18, 0xf7, 0x18,
    0xf7, 0x18, 0xf7, 0x18, 0xf7, 0x18, 0xf7, 0x18, 0xf7, 0x18, 0xf7, 0x18, 0xf7, 0x18, 0xf7, 0x18,
    0xf7, 0x18, 0xf7, 0x18, 0xf7, 0x18, 0xf7, 0x18, 0xf7, 0x18, 0xf7, 0x18, 0xf7, 0x18, 0xef, 0x18,
    0xf7, 0x38, 0xee, 0xf7, 0xee, 0x95, 0xbd, 0x0e, 0x7a, 0xc5, 0x72, 0x84, 0x93, 0xa9, 0xe6, 0xf6,
    0xde, 0xd5, 0xde, 0xb5, 0xde, 0xb5, 0xd6, 0xb4, 0xd6, 0x94, 0xd6, 0xb4, 0xa5, 0x30, 0x31, 0x43,
    0x49, 0xa4, 0x49, 0x40, 0x41, 0x65, 0x49, 0x83, 0x31, 0x02, 0x6b, 0x28, 0xce, 0x74, 0xd6, 0x94,
    0xd6, 0x93, 0xd6, 0x93, 0xce, 0x73, 0xde, 0xd5, 0xa4, 0xcc, 0xb4, 0xee, 0x8b, 0x68, 0x83, 0x07,
    0x93, 0x68, 0xac, 0x6c, 0xf7, 0x18, 0xf7, 0x59, 0xf7, 0x17, 0xf7, 0x17, 0xf7, 0x17, 0xf7, 0x17,
    0xf7, 0x17, 0xf7, 0x17, 0xf7, 0x17, 0xf7, 0x18, 0xf7, 0x18, 0xf7, 0x18, 0xf7, 0x18, 0xf7, 0x18,
    0xf7, 0x18, 0xf7, 0x18, 0xf7, 0x18, 0xf7, 0x18, 0xf7, 0x18, 0xf7, 0x18, 0xf7, 0x18, 0xf7, 0x18,
    0xf7, 0x18, 0xf7, 0x18, 0xf7, 0x18, 0xf7, 0x18, 0xf7, 0x18, 0xf7, 0x18, 0xf7, 0x18, 0xf7, 0x18,
    0xf7, 0x18, 0xf7, 0x18, 0xf7, 0x18, 0xf7, 0x18, 0xf7, 0x18, 0xf7, 0x18, 0xf7, 0x18, 0xf7, 0x18,
    0xf7, 0x18, 0xf7, 0x18, 0xf7, 0x18, 0xf7, 0x18, 0xf7, 0x18, 0xf7, 0x18, 0xf7, 0x18, 0xf7, 0x18,
    0xf7, 0x18, 0xf7, 0x18, 0xf7, 0x18, 0xf7, 0x18, 0xf7, 0x18, 0xf7, 0x38, 0xee, 0xf7, 0xe6, 0x95,
    0xbd, 0x2f, 0x7a, 0xc6, 0x7a, 0xe6, 0x8b, 0x88, 0xce, 0x53, 0xd6, 0x94, 0xde, 0xd5, 0xd6, 0xb5,
    0xd6, 0xb4, 0xd6, 0x94, 0xd6, 0xb4, 0xa5, 0x30, 0x31, 0x43, 0x49, 0xa4, 0x49, 0x40, 0x41, 0x65,
    0x49, 0x83, 0x39, 0x02, 0x6b, 0x28, 0xd6, 0x94, 0xd6, 0x94, 0xd6, 0x93, 0xd6, 0x93, 0xce, 0x73,
    0xe7, 0x16, 0x62, 0x64, 0x7a, 0xe6, 0xc5, 0x4f, 0xd5, 0xb1, 0xcd, 0xb1, 0xe6, 0x75, 0xf7, 0x38,
    0xf7, 0x38, 0xf7, 0x17, 0xf7, 0x17, 0xf7, 0x17, 0xf7, 0x17, 0xf7, 0x17, 0xf7, 0x17, 0xf7, 0x17,
    0xf7, 0x17, 0xf7, 0x18, 0xf7, 0x18, 0xf7, 0x18, 0xf7, 0x18, 0xf7, 0x18, 0xf7, 0x18, 0xf7, 0x18,
    0xf7, 0x18, 0xf7, 0x18, 0xf7, 0x18, 0xf7, 0x18, 0xf7, 0x18, 0xf7, 0x18, 0xf7, 0x18, 0xf7, 0x18,
    0xf7, 0x18, 0xf7, 0x18, 0xf7, 0x18, 0xf7, 0x18, 0xf7, 0x18, 0xf7, 0x18, 0xf7, 0x18, 0xf7, 0x18,
    0xf7, 0x18, 0xf7, 0x18, 0xf7, 0x18, 0xf7, 0x18, 0xf7, 0x18, 0xf7, 0x18, 0xf7, 0x18, 0xf7, 0x18,
    0xf7, 0x18, 0xf7, 0x18, 0xf7, 0x18, 0xf7, 0x18, 0xf7, 0x18, 0xf7, 0x18, 0xf7, 0x18, 0xf7, 0x18,
    0xf7, 0x18, 0xf7, 0x18, 0xf7, 0x18, 0xf7, 0x17, 0xf7, 0x38, 0xee, 0xd6, 0xbd, 0x2f, 0xcd, 0xb1,
    0xbc, 0xee, 0x6a, 0x84, 0xbd, 0xb1, 0xe7, 0x16, 0xd6, 0x94, 0xd6, 0xb4, 0xd6, 0x94, 0xd6, 0xb4,
    0xa5, 0x30, 0x31, 0x43, 0x51, 0xa4, 0x49, 0x40, 0x41, 0x64, 0x49, 0x82, 0x39, 0x01, 0x73, 0x49,
    0xd6, 0x94, 0xd6, 0x94, 0xd6, 0x94, 0xd6, 0x94, 0xce, 0x93, 0xe7, 0x17, 0x7a, 0xe6, 0x7a, 0xe6,
    0xcd, 0x50, 0xde, 0x13, 0xd5, 0xf2, 0xf7, 0x17, 0xf7, 0x38, 0xf7, 0x17, 0xf7, 0x17, 0xf7, 0x17,
    0xf7, 0x18, 0xf7, 0x18, 0xf7, 0x18, 0xf7, 0x18, 0xf7, 0x18, 0xf7, 0x18, 0xf7, 0x18, 0xf7, 0x18,
    0xf7, 0x18, 0xf7, 0x18, 0xf7, 0x18, 0xf7, 0x18, 0xf7, 0x18, 0xf7, 0x18, 0xf7, 0x18, 0xf7, 0x18,
    0xf7, 0x18, 0xf7, 0x18, 0xf7, 0x18, 0xf7, 0x18, 0xf7, 0x18, 0xf7, 0x18, 0xf7, 0x18, 0xf7, 0x18,
    0xf7, 0x18, 0xf7, 0x18, 0xf7, 0x18, 0xf7, 0x18, 0xf7, 0x18, 0xf7, 0x18, 0xf7, 0x18, 0xf7, 0x18,
    0xf7, 0x18, 0xf7, 0x18, 0xf7, 0x18, 0xf7, 0x18, 0xf7, 0x18, 0xf7, 0x18, 0xf7, 0x18, 0xf7, 0x18,
    0xf7, 0x18, 0xf7, 0x18, 0xf7, 0x18, 0xf7, 0x18, 0xf7, 0x18, 0xf7, 0x18, 0xf7, 0x18, 0xf7, 0x18,
    0xf7, 0x17, 0xf7, 0x38, 0xf7, 0x18, 0xcd, 0x90, 0xde, 0x12, 0xc5, 0x2f, 0x7a, 0xa5, 0xbd, 0x90,
    0xe7, 0x17, 0xd6, 0x94, 0xd6, 0xb4, 0xd6, 0xb4, 0xd6, 0xb4, 0xa5, 0x30, 0x31, 0x42, 0x51, 0x83,
    0x51, 0x40, 0x41, 0x84, 0x49, 0x82, 0x39, 0x01, 0x73, 0x49, 0xd6, 0x94, 0xd6, 0x94, 0xd6, 0x94,
    0xd6, 0x94, 0xd6, 0x93, 0xe7, 0x37, 0x7a, 0xe6, 0x82, 0xe6, 0xcd, 0x70, 0xde, 0x13, 0xd5, 0xf2,
    0xf7, 0x17, 0xf7, 0x38, 0xf7, 0x18, 0xf7, 0x18, 0xf7, 0x18, 0xf7, 0x18, 0xf7, 0x18, 0xf7, 0x18,
    0xf7, 0x18, 0xf7, 0x18, 0xf7, 0x18, 0xf7, 0x18, 0xf7, 0x18, 0xf7, 0x18, 0xf7, 0x18, 0xf7, 0x18,
    0xf7, 0x18, 0xf7, 0x18, 0xf7, 0x18, 0xf7, 0x18, 0xf7, 0x18, 0xf7, 0x18, 0xf7, 0x18, 0xf7, 0x18,
    0xf7, 0x18, 0xf7, 0x18, 0xf7, 0x18, 0xf7, 0x18, 0xf7, 0x18, 0xf7, 0x18, 0xf7, 0x18, 0xf7, 0x18,
    0xf7, 0x18, 0xf7, 0x18, 0xf7, 0x18, 0xf7, 0x18, 0xf7, 0x18, 0xf7, 0x18, 0xf7, 0x18, 0xf7, 0x18,
    0xf7, 0x18, 0xf7, 0x18, 0xf7, 0x18, 0xf7, 0x18, 0xf7, 0x18, 0xf7, 0x18, 0xf7, 0x18, 0xf7, 0x18,
    0xf7, 0x18, 0xf7, 0x18, 0xf7, 0x18, 0xf7, 0x18, 0xf7, 0x18, 0xf7, 0x17, 0xf7, 0x38, 0xf7, 0x38,
    0xd5, 0x90, 0xde, 0x13, 0xc5, 0x2f, 0x7a, 0xa5, 0xbd, 0x90, 0xe7, 0x37, 0xd6, 0x94, 0xd6, 0xb4,
    0xd6, 0xb4, 0xd6, 0xb4, 0xa5, 0x30, 0x31, 0x42, 0x51, 0xa3, 0x51, 0x40, 0x41, 0x84, 0x49, 0x83,
    0x39, 0x01, 0x73, 0x29, 0xd6, 0x94, 0xd6, 0x94, 0xd6, 0x94, 0xd6, 0x94, 0xce, 0x93, 0xe7, 0x37,
    0x7a, 0xe6, 0x82, 0xe6, 0xcd, 0x70, 0xde, 0x13, 0xd5, 0xf2, 0xf7, 0x18, 0xf7, 0x38, 0xf7, 0x18,
    0xf7, 0x18, 0xf7, 0x18, 0xf7, 0x18, 0xf7, 0x18, 0xf7, 0x18, 0xf7, 0x18, 0xf7, 0x18, 0xf7, 0x18,
    0xf7, 0x18, 0xf7, 0x18, 0xf7, 0x18, 0xf7, 0x18, 0xf7, 0x18, 0xf7, 0x18, 0xf7, 0x18, 0xf7, 0x18,
    0xf7, 0x18, 0xf7, 0x18, 0xf7, 0x18, 0xf7, 0x18, 0xf7, 0x18, 0xf7, 0x18, 0xf7, 0x18, 0xf7, 0x18,
    0xf7, 0x18, 0xf7, 0x18, 0xf7, 0x18, 0xf7, 0x18, 0xf7, 0x18, 0xf7, 0x18, 0xf7, 0x18, 0xf7, 0x18,
    0xf7, 0x18, 0xf7, 0x18, 0xf7, 0x18, 0xf7, 0x18, 0xf7, 0x18, 0xf7, 0x18, 0xf7, 0x18, 0xf7, 0x18,
    0xf7, 0x18, 0xf7, 0x18, 0xf7, 0x18, 0xf7, 0x18, 0xf7, 0x18, 0xf7, 0x18, 0xf7, 0x18, 0xf7, 0x18,
    0xf7, 0x18, 0xf7, 0x18, 0xef, 0x17, 0xf7, 0x38, 0xf7, 0x18, 0xd5, 0x91, 0xde, 0x12, 0xc5, 0x2f,
    0x7a, 0xa5, 0xbd, 0x90, 0xe7, 0x37, 0xd6, 0x94, 0xd6, 0xb4, 0xd6, 0xb4, 0xd6, 0xb4, 0xa5, 0x30,
    0x31, 0x42, 0x51, 0xa3, 0x51, 0x40, 0x41, 0x84, 0x49, 0x83, 0x39, 0x01, 0x73, 0x28, 0xd6, 0x94,
    0xd6, 0x94, 0xd6, 0x94, 0xd6, 0x94, 0xce, 0x93, 0xe7, 0x37, 0x7a, 0xe6, 0x7a, 0xe6, 0xcd, 0x70,
    0xde, 0x13, 0xd5, 0xf2, 0xf7, 0x18, 0xf7, 0x38, 0xf7, 0x18, 0xf7, 0x18, 0xf7, 0x18, 0xf7, 0x18,
    0xf7, 0x18, 0xf7, 0x18, 0xf7, 0x18, 0xf7, 0x18, 0xf7, 0x18, 0xf7, 0x18, 0xf7, 0x18, 0xf7, 0x18,
    0xf7, 0x18, 0xf7, 0x18, 0xf7, 0x18, 0xf7, 0x18, 0xf7, 0x18, 0xf7, 0x18, 0xf7, 0x18, 0xf7, 0x18,
    0xf7, 0x18, 0xf7, 0x18, 0xf7, 0x18, 0xf7, 0x18, 0xf7, 0x18, 0xf7, 0x18, 0xf7, 0x18, 0xf7, 0x18,
    0xf7, 0x18, 0xf7, 0x18, 0xf7, 0x18, 0xf7, 0x18, 0xf7, 0x18, 0xf7, 0x18, 0xf7, 0x18, 0xf7, 0x18,
    0xf7, 0x18, 0xf7, 0x18, 0xf7, 0x18, 0xf7, 0x18, 0xf7, 0x18, 0xf7, 0x18, 0xf7, 0x18, 0xf7, 0x18,
    0xf7, 0x18, 0xf7, 0x18, 0xf7, 0x18, 0xf7, 0x18, 0xf7, 0x18, 0xf7, 0x18, 0xf7, 0x18, 0xef, 0x17,
    0xf7, 0x38, 0xf7, 0x18, 0xd5, 0x91, 0xde, 0x12, 0xc5, 0x2f, 0x7a, 0xa5, 0xbd, 0x90, 0xe7, 0x37,
    0xd6, 0x94, 0xd6, 0xb4, 0xd6, 0xb4, 0xd6, 0xb4, 0xa5, 0x30, 0x29, 0x42, 0x51, 0xa3, 0x51, 0x41,
    0x49, 0x84, 0x49, 0x83, 0x39, 0x01, 0x73, 0x28, 0xd6, 0x94, 0xd6, 0x94, 0xd6, 0x94, 0xd6, 0x94,
    0xd6, 0x93, 0xe7, 0x57, 0x7a, 0xe6, 0x7a, 0xe6, 0xcd, 0x70, 0xde, 0x13, 0xd5, 0xf2, 0xf7, 0x18,
    0xf7, 0x38, 0xf7, 0x18, 0xf7, 0x18, 0xf7, 0x18, 0xf7, 0x18, 0xf7, 0x18, 0xf7, 0x18, 0xf7, 0x18,
    0xf7, 0x18, 0xf7, 0x18, 0xf7, 0x18, 0xf7, 0x18, 0xf7, 0x18, 0xf7, 0x18, 0xf7, 0x18, 0xf7, 0x18,
    0xf7, 0x18, 0xf7, 0x18, 0xf7, 0x18, 0xf7, 0x18, 0xf7, 0x18, 0xf7, 0x18, 0xf7, 0x18, 0xf7, 0x18,
    0xf7, 0x18, 0xf7, 0x18, 0xf7, 0x18, 0xf7, 0x18, 0xf7, 0x18, 0xf7, 0x18, 0xf7, 0x18, 0xf7, 0x18,
    0xf7, 0x18, 0xf7, 0x18, 0xf7, 0x18, 0xf7, 0x18, 0xf7, 0x18, 0xf7, 0x18, 0xf7, 0x18, 0xf7, 0x18,
    0xf7, 0x18, 0xf7, 0x18, 0xf7, 0x18, 0xf7, 0x18, 0xf7, 0x18, 0xf7, 0x18, 0xf7, 0x18, 0xf7, 0x18,
    0xf7, 0x18, 0xf7, 0x18, 0xf7, 0x18, 0xf7, 0x18, 0xef, 0x17, 0xf7, 0x18, 0xf7, 0x18, 0xd5, 0x91,
    0xde, 0x12, 0xc5, 0x2f, 0x7a, 0xa5, 0xbd, 0x90, 0xe7, 0x37, 0xd6, 0x94, 0xd6, 0xb4, 0xd6, 0x94,
    0xd6, 0xb4, 0xa5, 0x30, 0x31, 0x42, 0x51, 0xa3, 0x51, 0x41, 0x49, 0x85, 0x49, 0x83, 0x39, 0x01,
    0x6b, 0x28, 0xd6, 0xb4, 0xd6, 0x94, 0xd6, 0x94, 0xd6, 0x94, 0xd6, 0x93, 0xe7, 0x58, 0x7b, 0x06,
    0x7a, 0xe6, 0xcd, 0x70, 0xde, 0x13, 0xd5, 0xf2, 0xf7, 0x18, 0xf7, 0x38, 0xf7, 0x18, 0xf7, 0x18,
    0xf7, 0x18, 0xf7, 0x18, 0xf7, 0x18, 0xf7, 0x18, 0xf7, 0x18, 0xf7, 0x18, 0xf7, 0x18, 0xf7, 0x18,
    0xf7, 0x18, 0xf7, 0x18, 0xf7, 0x18, 0xf7, 0x18, 0xf7, 0x18, 0xf7, 0x18, 0xf7, 0x18, 0xf7, 0x18,
    0xf7, 0x18, 0xf7, 0x18, 0xf7, 0x18, 0xf7, 0x18, 0xf7, 0x18, 0xf7, 0x18, 0xf7, 0x18, 0xf7, 0x18,
    0xf7, 0x18, 0xf7, 0x18, 0xf7, 0x18, 0xf7, 0x18, 0xf7, 0x18, 0xf7, 0x18, 0xf7, 0x18, 0xf7, 0x18,
    0xf7, 0x18, 0xf7, 0x18, 0xf7, 0x18, 0xf7, 0x18, 0xf7, 0x18, 0xf7, 0x18, 0xf7, 0x18, 0xf7, 0x18,
    0xf7, 0x18, 0xf7, 0x18, 0xf7, 0x18, 0xf7, 0x18, 0xf7, 0x18, 0xf7, 0x18, 0xf7, 0x18, 0xf7, 0x18,
    0xf7, 0x18, 0xee, 0xf7, 0xf7, 0x38, 0xf7, 0x18, 0xd5, 0x90, 0xde, 0x13, 0xc5, 0x2f, 0x7a, 0xa5,
    0xbd, 0x90, 0xe7, 0x37, 0xd6, 0x94, 0xd6, 0xb4, 0xd6, 0x94, 0xd6, 0xb4, 0xa5, 0x2f, 0x29, 0x42,
    0x51, 0xa3, 0x51, 0x41, 0x41, 0x65, 0x49, 0x63, 0x39, 0x01, 0x6b, 0x08, 0xd6, 0xb4, 0xd6, 0x94,
    0xd6, 0xb4, 0xd6, 0x94, 0xce, 0x94, 0xe7, 0x58, 0x7b, 0x06, 0x82, 0xe7, 0xcd, 0x70, 0xde, 0x33,
    0xd5, 0xf2, 0xf7, 0x18, 0xf7, 0x38, 0xf7, 0x18, 0xf7, 0x18, 0xf7, 0x18, 0xf7, 0x18, 0xf7, 0x18,
    0xf7, 0x18, 0xf7, 0x18, 0xf7, 0x18, 0xf7, 0x18, 0xf7, 0x18, 0xf7, 0x18, 0xf7, 0x18, 0xf7, 0x18,
    0xf7, 0x18, 0xf7, 0x18, 0xf7, 0x18, 0xf7, 0x18, 0xf7, 0x18, 0xf7, 0x18, 0xf7, 0x18, 0xf7, 0x18,
    0xf7, 0x18, 0xf7, 0x18, 0xf7, 0x18, 0xf7, 0x18, 0xf7, 0x18, 0xf7, 0x18, 0xf7, 0x18, 0xf7, 0x18,
    0xf7, 0x18, 0xf7, 0x18, 0xf7, 0x18, 0xf7, 0x18, 0xf7, 0x18, 0xf7, 0x18, 0xf7, 0x18, 0xf7, 0x18,
    0xf7, 0x18, 0xf7, 0x18, 0xf7, 0x18, 0xf7, 0x18, 0xf7, 0x18, 0xf7, 0x18, 0xf7, 0x18, 0xf7, 0x18,
    0xf7, 0x18, 0xf7, 0x18, 0xf7, 0x18, 0xf7, 0x18, 0xf7, 0x18, 0xf7, 0x18, 0xef, 0x17, 0xf7, 0x38,
    0xf7, 0x38, 0xd5, 0xb1, 0xde, 0x33, 0xc5, 0x2f, 0x7a, 0xa6, 0xbd, 0x90, 0xe7, 0x17, 0xd6, 0x94,
    0xd6, 0xb4, 0xd6, 0x94, 0xd6, 0xb4, 0xa5, 0x0f, 0x29, 0x22, 0x51, 0xa3, 0x49, 0x41, 0x41, 0x65,
    0x49, 0x63, 0x39, 0x01, 0x6b, 0x08, 0xd6, 0xb5, 0xd6, 0x94, 0xd6, 0xb4, 0xd6, 0x94, 0xce, 0x94,
    0xe7, 0x58, 0x7b, 0x06, 0x83, 0x07, 0xcd, 0x90, 0xe6, 0x33, 0xdd, 0xf3, 0xf7, 0x17, 0xf7, 0x38,
    0xf7, 0x18, 0xf7, 0x18, 0xf7, 0x18, 0xf7, 0x18, 0xf7, 0x18, 0xf7, 0x18, 0xf7, 0x18, 0xf7, 0x18,
    0xf7, 0x18, 0xf7, 0x18, 0xf7, 0x18, 0xf7, 0x18, 0xf7, 0x18, 0xf7, 0x18, 0xf7, 0x18, 0xf7, 0x18,
    0xf7, 0x18, 0xf7, 0x18, 0xf7, 0x18, 0xf7, 0x18, 0xf7, 0x18, 0xf7, 0x18, 0xf7, 0x18, 0xf7, 0x18,
    0xf7, 0x18, 0xf7, 0x18, 0xf7, 0x18, 0xf7, 0x18, 0xf7, 0x18, 0xf7, 0x18, 0xf7, 0x18, 0xf7, 0x18,
    0xf7, 0x18, 0xf7, 0x18, 0xf7, 0x18, 0xf7, 0x18, 0xf7, 0x18, 0xf7, 0x18, 0xf7, 0x18, 0xf7, 0x18,
    0xf7, 0x18, 0xf7, 0x18, 0xf7, 0x18, 0xf7, 0x18, 0xf7, 0x18, 0xf7, 0x18, 0xf7, 0x18, 0xf7, 0x18,
    0xf7, 0x18, 0xf7, 0x18, 0xf7, 0x18, 0xef, 0x17, 0xf7, 0x38, 0xf7, 0x38, 0xd5, 0xb1, 0xe6, 0x33,
    0xc5, 0x2f, 0x7a, 0xa6, 0xbd, 0xb1, 0xe7, 0x37, 0xd6, 0x94, 0xd6, 0xb4, 0xd6, 0x94, 0xd6, 0xb4,
    0xa5, 0x0f, 0x29, 0x22, 0x51, 0xa3, 0x49, 0x61, 0x41, 0x65, 0x49, 0x62, 0x39, 0x01, 0x6a, 0xe7,
    0xd6, 0xb5, 0xd6, 0x94, 0xd6, 0x94, 0xd6, 0x94, 0xce, 0x94, 0xe7, 0x58, 0x7b, 0x06, 0x83, 0x07,
    0xcd, 0x70, 0xe6, 0x33, 0xde, 0x13, 0xf7, 0x18, 0xf7, 0x38, 0xf7, 0x18, 0xf7, 0x18, 0xf7, 0x18,
    0xf7, 0x18, 0xf7, 0x18, 0xff, 0x79, 0xff, 0xbb, 0xff, 0xbb, 0xff, 0xbb, 0xff, 0xbb, 0xff, 0xbb,
    0xff, 0x9a, 0xf7, 0x79, 0xf7, 0x18, 0xf7, 0x18, 0xf7, 0x18, 0xf7, 0x18, 0xf7, 0x18, 0xf7, 0x18,
    0xf7, 0x18, 0xf7, 0x18, 0xf7, 0x18, 0xf7, 0x18, 0xf7, 0x18, 0xf7, 0x18, 0xf7, 0x18, 0xf7, 0x18,
    0xf7, 0x18, 0xf7, 0x18, 0xf7, 0x18, 0xf7, 0x18, 0xf7, 0x18, 0xf7, 0x18, 0xf7, 0x18, 0xf7, 0x18,
    0xf7, 0x18, 0xf7, 0x18, 0xf7, 0x18, 0xf7, 0x18, 0xf7, 0x18, 0xff, 0x9a, 0xff, 0xbb, 0xff, 0xbc,
    0xff, 0xbc, 0xff, 0xbb, 0xff, 0xbb, 0xff, 0x9a, 0xf7, 0x38, 0xf7, 0x18, 0xf7, 0x18, 0xf7, 0x18,
    0xef, 0x17, 0xf7, 0x38, 0xf7, 0x38, 0xd5, 0xb1, 0xe6, 0x33, 0xc5, 0x4f, 0x7a, 0xc6, 0xbd, 0xb1,
    0xe7, 0x17, 0xd6, 0x94, 0xd6, 0xb4, 0xd6, 0x94, 0xde, 0xb4, 0xa5, 0x0f, 0x29, 0x22, 0x51, 0x83,
    0x49, 0x41, 0x41, 0x65, 0x49, 0x62, 0x39, 0x01, 0x6a, 0xe7, 0xd6, 0xb5, 0xd6, 0x94, 0xd6, 0x94,
    0xd6, 0x94, 0xce, 0x94, 0xe7, 0x58, 0x7b, 0x06, 0x83, 0x07, 0xcd, 0x90, 0xe6, 0x33, 0xde, 0x13,
    0xf7, 0x18, 0xf7, 0x38, 0xf7, 0x18, 0xf7, 0x18, 0xf7, 0x18, 0xf7, 0x18, 0xf7, 0x18, 0xde, 0x96,
    0xbd, 0xd4, 0xc5, 0xf5, 0xc5, 0xf5, 0xc5, 0xf5, 0xce, 0x15, 0xc5, 0xf5, 0xde, 0x97, 0xf7, 0x18,
    0xef, 0x18, 0xf7, 0x18, 0xf7, 0x18, 0xf7, 0x18, 0xf7, 0x18, 0xf7, 0x18, 0xf7, 0x18, 0xf7, 0x18,
    0xf7, 0x18, 0xf7, 0x18, 0xf7, 0x18, 0xf7, 0x18, 0xf7, 0x18, 0xf7, 0x18, 0xf7, 0x18, 0xf7, 0x18,
    0xf7, 0x18, 0xf7, 0x18, 0xf7, 0x18, 0xf7, 0x18, 0xf7, 0x18, 0xf7, 0x18, 0xf7, 0x18, 0xf7, 0x18,
    0xee, 0xf8, 0xf7, 0x38, 0xcd, 0xf4, 0xbd, 0xb4, 0xc5, 0xd4, 0xc5, 0xf4, 0xc5, 0xf5, 0xc6, 0x15,
    0xd6, 0x56, 0xf7, 0x39, 0xf7, 0x38, 0xee, 0xf8, 0xf7, 0x18, 0xf7, 0x17, 0xf7, 0x38, 0xf7, 0x38,
    0xd5, 0xb1, 0xe6, 0x33, 0xc5, 0x4f, 0x7a, 0xc6, 0xbd, 0xb1, 0xe7, 0x17, 0xd6, 0x94, 0xd6, 0xb4,
    0xd6, 0x94, 0xde, 0xb4, 0xa5, 0x0f, 0x29, 0x22, 0x51, 0x83, 0x51, 0x41, 0x41, 0x65, 0x49, 0x62,
    0x39, 0x01, 0x6a, 0xe7, 0xd6, 0xb5, 0xd6, 0x94, 0xd6, 0x94, 0xd6, 0x94, 0xce, 0x94, 0xe7, 0x58,
    0x7b, 0x06, 0x83, 0x07, 0xcd, 0x90, 0xe6, 0x33, 0xde, 0x13, 0xf7, 0x18, 0xf7, 0x38, 0xf7, 0x18,
    0xf7, 0x18, 0xf7, 0x18, 0xf7, 0x18, 0xee, 0xf7, 0xa4, 0xd2, 0x10, 0xe4, 0x19, 0x25, 0x19, 0x46,
    0x19, 0x45, 0x19, 0x46, 0x10, 0xa3, 0x84, 0x0e, 0xf7, 0x38, 0xee, 0xf7, 0xf7, 0x18, 0xf7, 0x18,
    0xf7, 0x18, 0xf7, 0x18, 0xf7, 0x18, 0xf7, 0x18, 0xf7, 0x18, 0xf7, 0x18, 0xf7, 0x18, 0xf7, 0x18,
    0xf7, 0x18, 0xf7, 0x18, 0xf7, 0x18, 0xf7, 0x18, 0xf7, 0x18, 0xf7, 0x18, 0xf7, 0x18, 0xf7, 0x18,
    0xf7, 0x18, 0xf7, 0x18, 0xf7, 0x18, 0xf7, 0x18, 0xf7, 0x18, 0xee, 0xd7, 0xf7, 0x7a, 0x52, 0xa9,
    0x10, 0xc3, 0x19, 0x45, 0x19, 0x66, 0x19, 0x66, 0x21, 0x86, 0x63, 0x0a, 0xe7, 0x19, 0xff, 0x7a,
    0xee, 0xf7, 0xf7, 0x18, 0xf7, 0x17, 0xf7, 0x38, 0xf7, 0x38, 0xd5, 0xb1, 0xe6, 0x33, 0xc5, 0x4f,
    0x7a, 0xc6, 0xbd, 0xb1, 0xe7, 0x17, 0xd6, 0x94, 0xd6, 0xb4, 0xd6, 0x94, 0xde, 0xb4, 0xa5, 0x0f,
    0x29, 0x22, 0x51, 0x83, 0x51, 0x61, 0x41, 0x65, 0x49, 0x62, 0x39, 0x01, 0x6a, 0xe7, 0xd6, 0xb4,
    0xd6, 0x94, 0xd6, 0x94, 0xce, 0x94, 0xce, 0x94, 0xe7, 0x58, 0x7a, 0xe6, 0x83, 0x07, 0xcd, 0x70,
    0xe6, 0x53, 0xde, 0x12, 0xf7, 0x18, 0xf7, 0x38, 0xf7, 0x18, 0xf7, 0x18, 0xf7, 0x18, 0xf7, 0x18,
    0xee, 0xf7, 0x9c, 0xd1, 0x19, 0x26, 0x21, 0x87, 0x21, 0x67, 0x21, 0x67, 0x19, 0x67, 0x00, 0xa3,
    0x83, 0xee, 0xf7, 0x38, 0xee, 0xf7, 0xf7, 0x18, 0xf7, 0x18, 0xf7, 0x18, 0xf7, 0x18, 0xf7, 0x18,
    0xf7, 0x18, 0xf7, 0x18, 0xf7, 0x18, 0xf7, 0x18, 0xf7, 0x18, 0xf7, 0x18, 0xf7, 0x18, 0xf7, 0x18,
    0xf7, 0x18, 0xf7, 0x18, 0xf7, 0x18, 0xf7, 0x18, 0xf7, 0x18, 0xf7, 0x18, 0xf7, 0x18, 0xf7, 0x18,
    0xf7, 0x18, 0xf7, 0x18, 0xee, 0xd7, 0xf7, 0x79, 0x4a, 0x6a, 0x08, 0xc5, 0x21, 0x87, 0x21, 0x87,
    0x21, 0x87, 0x29, 0xc8, 0x52, 0x89, 0xe6, 0xf8, 0xff, 0x79, 0xee, 0xf7, 0xf7, 0x18, 0xf7, 0x17,
    0xf7, 0x38, 0xf7, 0x38, 0xd5, 0xb1, 0xe6, 0x33, 0xc5, 0x4f, 0x7a, 0xc6, 0xbd, 0xb1, 0xe7, 0x17,
    0xd6, 0x94, 0xd6, 0xb4, 0xd6, 0x94, 0xd6, 0xb4, 0xa5, 0x0f, 0x31, 0x22, 0x51, 0x83, 0x51, 0x41,
    0x41, 0x65, 0x49, 0x62, 0x39, 0x01, 0x6a, 0xe7, 0xd6, 0xb4, 0xd6, 0x94, 0xd6, 0x94, 0xce, 0x94,
    0xce, 0x94, 0xe7, 0x38, 0x7a, 0xe6, 0x83, 0x07, 0xcd, 0x90, 0xe6, 0x53, 0xde, 0x12, 0xf7, 0x18,
    0xf7, 0x38, 0xf7, 0x18, 0xf7, 0x18, 0xf7, 0x18, 0xf7, 0x18, 0xee, 0xd7, 0x9c, 0xb1, 0x19, 0x06,
    0x21, 0x67, 0x21, 0x67, 0x21, 0x67, 0x19, 0x46, 0x00, 0x83, 0x7b, 0xee, 0xf7, 0x38, 0xee, 0xf7,
    0xf7, 0x18, 0xf7, 0x18, 0xf7, 0x18, 0xf7, 0x18, 0xf7, 0x18, 0xf7, 0x18, 0xf7, 0x18, 0xf7, 0x18,
    0xf7, 0x18, 0xf7, 0x18, 0xf7, 0x18, 0xf7, 0x18, 0xf7, 0x18, 0xf7, 0x18, 0xf7, 0x18, 0xf7, 0x18,
    0xf7, 0x18, 0xf7, 0x18, 0xf7, 0x18, 0xf7, 0x18, 0xf7, 0x18, 0xf7, 0x18, 0xf7, 0x18, 0xee, 0xd7,
    0xf7, 0x7a, 0x4a, 0x8a, 0x08, 0xc5, 0x21, 0x88, 0x21, 0x67, 0x21, 0x87, 0x29, 0xa8, 0x4a, 0x68,
    0xde, 0xd8, 0xff, 0x79, 0xee, 0xd7, 0xf7, 0x18, 0xf7, 0x17, 0xf7, 0x38, 0xf7, 0x18, 0xd5, 0xb1,
    0xe6, 0x33, 0xc5, 0x4f, 0x7a, 0xc5, 0xbd, 0x90, 0xe7, 0x37, 0xd6, 0x94, 0xd6, 0x94, 0xd6, 0x94,
    0xd6, 0xb4, 0xa5, 0x0f, 0x31, 0x22, 0x51, 0x83, 0x51, 0x41, 0x41, 0x85, 0x49, 0x82, 0x39, 0x01,
    0x6a, 0xe7, 0xd6, 0x94, 0xd6, 0x94, 0xd6, 0x94, 0xce, 0x94, 0xce, 0x94, 0xe7, 0x38, 0x7a, 0xe6,
    0x82, 0xe7, 0xcd, 0x90, 0xe6, 0x54, 0xdd, 0xf2, 0xf7, 0x18, 0xf7, 0x38, 0xf7, 0x38, 0xf7, 0x18,
    0xf7, 0x18, 0xf7, 0x18, 0xee, 0xf7, 0xa4, 0xd1, 0x19, 0x26, 0x21, 0x67, 0x21, 0x67, 0x21, 0x47,
    0x19, 0x47, 0x00, 0xa4, 0x7b, 0xee, 0xf7, 0x38, 0xee, 0xf7, 0xf7, 0x18, 0xf7, 0x18, 0xf7, 0x18,
    0xf7, 0x18, 0xf7, 0x18, 0xf7, 0x18, 0xf7, 0x18, 0xf7, 0x18, 0xf7, 0x18, 0xf7, 0x18, 0xf7, 0x18,
    0xf7, 0x18, 0xf7, 0x18, 0xf7, 0x18, 0xf7, 0x18, 0xf7, 0x18, 0xf7, 0x18, 0xf7, 0x18, 0xf7, 0x18,
    0xf7, 0x18, 0xf7, 0x18, 0xf7, 0x18, 0xf7, 0x18, 0xee, 0xd7, 0xf7, 0x7a, 0x4a, 0x8a, 0x08, 0xe5,
    0x21, 0x87, 0x21, 0x87, 0x21, 0x88, 0x29, 0xa8, 0x4a, 0x68, 0xde, 0xd7, 0xff, 0x99, 0xee, 0xf7,
    0xf7, 0x17, 0xf7, 0x17, 0xf7, 0x38, 0xf7, 0x18, 0xd5, 0xb1, 0xe6, 0x32, 0xc5, 0x2f, 0x7a, 0xc6,
    0xbd, 0x90, 0xe7, 0x17, 0xd6, 0x94, 0xd6, 0xb4, 0xd6, 0xb4, 0xde, 0xd4, 0xa5, 0x0f, 0x31, 0x22,
    0x51, 0x83, 0x49, 0x40, 0x41, 0x85, 0x49, 0x83, 0x39, 0x01, 0x6a, 0xe7, 0xd6, 0x95, 0xd6, 0x94,
    0xd6, 0x94, 0xce, 0x94, 0xce, 0x94, 0xe7, 0x38, 0x7a, 0xe6, 0x82, 0xe6, 0xcd, 0x90, 0xe6, 0x33,
    0xdd, 0xf2, 0xf7, 0x18, 0xf7, 0x58, 0xf7, 0x38, 0xf7, 0x38, 0xf7, 0x18, 0xf7, 0x38, 0xf6, 0xf7,
    0xa4, 0xf2, 0x19, 0x26, 0x21, 0x67, 0x21, 0x67, 0x21, 0x67, 0x19, 0x47, 0x00, 0xa3, 0x7b, 0xee,
    0xf7, 0x38, 0xee, 0xf7, 0xf7, 0x18, 0xf7, 0x18, 0xf7, 0x18, 0xf7, 0x18, 0xf7, 0x18, 0xf7, 0x18,
    0xf7, 0x18, 0xf7, 0x18, 0xf7, 0x18, 0xf7, 0x18, 0xf7, 0x18, 0xf7, 0x18, 0xf7, 0x18, 0xf7, 0x18,
    0xf7, 0x18, 0xf7, 0x18, 0xf7, 0x18, 0xf7, 0x18, 0xf7, 0x18, 0xf7, 0x18, 0xf7, 0x18, 0xf7, 0x18,
    0xf7, 0x18, 0xee, 0xd7, 0xff, 0x7a, 0x4a, 0x8a, 0x08, 0xe5, 0x21, 0x88, 0x21, 0x88, 0x21, 0x87,
    0x29, 0xc8, 0x4a, 0x68, 0xde, 0xb7, 0xff, 0x79, 0xee, 0xf7, 0xf7, 0x17, 0xf7, 0x18, 0xf7, 0x38,
    0xf7, 0x17, 0xd5, 0xb1, 0xe6, 0x32, 0xc5, 0x4f, 0x7a, 0xc6, 0xbd, 0x90, 0xe7, 0x17, 0xd6, 0x94,
    0xd6, 0xb4, 0xd6, 0x94, 0xde, 0xb4, 0xa5, 0x0f, 0x31, 0x21, 0x49, 0x83, 0x49, 0x40, 0x41, 0x85,
    0x49, 0x83, 0x39, 0x01, 0x6a, 0xe7, 0xd6, 0xb5, 0xce, 0x94, 0xd6, 0x94, 0xce, 0x94, 0xce, 0x94,
    0xe7, 0x38, 0x7a, 0xe6, 0x7a, 0xe6, 0xcd, 0x90, 0xe6, 0x33, 0xdd, 0xf2, 0xf7, 0x18, 0xf7, 0x58,
    0xf7, 0x38, 0xff, 0x38, 0xff, 0x38, 0xf7, 0x38, 0xf7, 0x18, 0xa4, 0xb1, 0x19, 0x06, 0x21, 0x47,
    0x21, 0x46, 0x19, 0x26, 0x19, 0x26, 0x00, 0x83, 0x7b, 0xce, 0xf7, 0x38, 0xee, 0xf7, 0xf7, 0x18,
    0xf7, 0x18, 0xf7, 0x18, 0xf7, 0x18, 0xf7, 0x18, 0xf7, 0x18, 0xf7, 0x18, 0xf7, 0x18, 0xf7, 0x18,
    0xf7, 0x18, 0xf7, 0x18, 0xf7, 0x18, 0xf7, 0x18, 0xf7, 0x18, 0xf7, 0x18, 0xf7, 0x18, 0xf7, 0x18,
    0xf7, 0x18, 0xf7, 0x18, 0xf7, 0x18, 0xf7, 0x18, 0xf7, 0x18, 0xf7, 0x18, 0xee, 0xd7, 0xff, 0x7a,
    0x4a, 0x8a, 0x08, 0xe5, 0x21, 0x87, 0x21, 0x87, 0x21, 0x67, 0x29, 0xa8, 0x42, 0x28, 0xde, 0xb7,
    0xff, 0x9a, 0xf7, 0x18, 0xf7, 0x18, 0xf7, 0x18, 0xf7, 0x19, 0xf6, 0xf7, 0xd5, 0xb1, 0xe6, 0x33,
    0xc5, 0x2f, 0x7a, 0xc5, 0xbd, 0x90, 0xe7, 0x17, 0xd6, 0x94, 0xd6, 0xb4, 0xd6, 0x94, 0xde, 0xb4,
    0xa5, 0x0f, 0x31, 0x21, 0x49, 0x83, 0x49, 0x40, 0x49, 0x85, 0x49, 0x82, 0x39, 0x01, 0x6a, 0xe7,
    0xd6, 0xb5, 0xd6, 0x94, 0xce, 0x94, 0xce, 0x94, 0xce, 0x94, 0xe7, 0x58, 0x7a, 0xe5, 0x7a, 0xe6,
    0xcd, 0x90, 0xde, 0x33, 0xdd, 0xf2, 0xf7, 0x39, 0xff, 0x59, 0xfe, 0xf8, 0xf5, 0x54, 0xf5, 0x54,
    0xf5, 0x74, 0xf5, 0x73, 0xc4, 0x91, 0x83, 0x0c, 0x8b, 0x4d, 0x83, 0xad, 0x83, 0xee, 0x8c, 0x2e,
    0x7b, 0xac, 0xbd, 0x93, 0xf7, 0x38, 0xef, 0x18, 0xf7, 0x18, 0xf7, 0x18, 0xf7, 0x18, 0xf7, 0x18,
    0xf7, 0x18, 0xf7, 0x18, 0xf7, 0x18, 0xf7, 0x18, 0xf7, 0x18, 0xf7, 0x18, 0xf7, 0x18, 0xf7, 0x18,
    0xf7, 0x18, 0xf7, 0x18, 0xf7, 0x18, 0xf7, 0x18, 0xf7, 0x18, 0xf7, 0x18, 0xf7, 0x18, 0xf7, 0x18,
    0xf7, 0x18, 0xf7, 0x18, 0xf7, 0x18, 0xee, 0xf8, 0xf7, 0x59, 0x9c, 0xb0, 0x7b, 0xad, 0x83, 0xcd,
    0x83, 0xad, 0x83, 0x8c, 0x8b, 0xad, 0xa3, 0xae, 0xe5, 0x94, 0xf5, 0xd4, 0xf5, 0x53, 0xf5, 0xf5,
    0xfe, 0xf9, 0xff, 0x5b, 0xf6, 0xf8, 0xdd, 0xb1, 0xe6, 0x32, 0xc5, 0x2e, 0x7a, 0xc6, 0xbd, 0x90,
    0xe7, 0x16, 0xd6, 0x94, 0xd6, 0xb4, 0xd6, 0x93, 0xde, 0xd4, 0xa4, 0xee, 0x31, 0x21, 0x49, 0xa3,
    0x49, 0x41, 0x49, 0x85, 0x49, 0x82, 0x39, 0x01, 0x6a, 0xc7, 0xd6, 0xb5, 0xd6, 0x94, 0xce, 0x94,
    0xce, 0x94, 0xce, 0x94, 0xe7, 0x58, 0x7a, 0xc5, 0x7a, 0xe6, 0xcd, 0x70, 0xdd, 0xf3, 0xdd, 0xb2,
    0xf6, 0x96, 0xf6, 0x76, 0xf5, 0xb4, 0xf5, 0x54, 0xf5, 0x54, 0xf5, 0x54, 0xf5, 0x53, 0xf5, 0x94,
    0xf5, 0xd5, 0xf5, 0xf5, 0xf6, 0xb6, 0xf7, 0x9a, 0xf7, 0x79, 0xf7, 0x79, 0xf7, 0x59, 0xf7, 0x18,
    0xf7, 0x18, 0xf7, 0x18, 0xf7, 0x18, 0xf7, 0x18, 0xf7, 0x18, 0xf7, 0x18, 0xf7, 0x18, 0xf7, 0x18,
    0xf7, 0x18, 0xf7, 0x18, 0xf7, 0x18, 0xf7, 0x18, 0xf7, 0x18, 0xf7, 0x18, 0xf7, 0x18, 0xf7, 0x18,
    0xf7, 0x18, 0xf7, 0x18, 0xf7, 0x18, 0xf7, 0x18, 0xf7, 0x18, 0xf7, 0x18, 0xf7, 0x18, 0xf7, 0x18,
    0xf7, 0x18, 0xf7, 0x18, 0xf7, 0x38, 0xf7, 0x39, 0xf7, 0x59, 0xef, 0x19, 0xee, 0x97, 0xf6, 0x16,
    0xf5, 0xf6, 0xf5, 0x94, 0xf5, 0x54, 0xf5, 0x74, 0xf5, 0x74, 0xf6, 0x37, 0xff, 0x1a, 0xfe, 0xf8,
    0xdd, 0x90, 0xe6, 0x12, 0xc5, 0x0e, 0x7a, 0xc6, 0xbd, 0x90, 0xe7, 0x16, 0xd6, 0x94, 0xd6, 0xb4,
    0xd6, 0x93, 0xde, 0xb4, 0xa4, 0xce, 0x31, 0x21, 0x49, 0xa3, 0x49, 0x41, 0x49, 0x84, 0x49, 0x82,
    0x39, 0x01, 0x6a, 0xc7, 0xd6, 0xb5, 0xd6, 0x94, 0xce, 0x94, 0xce, 0x94, 0xd6, 0x94, 0xe7, 0x58,
    0x72, 0xc5, 0x7a, 0xe6, 0xc5, 0x70, 0xdd, 0xf2, 0xdd, 0xb2, 0xed, 0xf4, 0xed, 0x73, 0xf5, 0x53,
    0xf5, 0x54, 0xf5, 0x54, 0xf5, 0x54, 0xf5, 0x54, 0xf5, 0x54, 0xfd, 0x73, 0xfd, 0x93, 0xf6, 0x56,
    0xf7, 0x59, 0xf7, 0x38, 0xf7, 0x38, 0xf7, 0x38, 0xf7, 0x17, 0xf7, 0x18, 0xf7, 0x18, 0xf7, 0x18,
    0xf7, 0x18, 0xf7, 0x18, 0xf7, 0x18, 0xf7, 0x18, 0xf7, 0x18, 0xf7, 0x18, 0xf7, 0x18, 0xf7, 0x18,
    0xf7, 0x18, 0xf7, 0x18, 0xf7, 0x18, 0xf7, 0x18, 0xf7, 0x18, 0xf7, 0x18, 0xf7, 0x18, 0xf7, 0x18,
    0xf7, 0x18, 0xf7, 0x18, 0xf7, 0x18, 0xf7, 0x18, 0xf7, 0x18, 0xf7, 0x18, 0xf7, 0x18, 0xf7, 0x38,
    0xf7, 0x38, 0xf7, 0x38, 0xff, 0x19, 0xf6, 0x35, 0xf5, 0xb4, 0xfd, 0xb5, 0xfd, 0x74, 0xf5, 0x74,
    0xf5, 0x74, 0xf5, 0x53, 0xf5, 0x74, 0xf5, 0xb4, 0xf5, 0xb3, 0xdd, 0x70, 0xe5, 0xf2, 0xc5, 0x0e,
    0x7a, 0xc6, 0xbd, 0x90, 0xe7, 0x16, 0xd6, 0xb4, 0xd6, 0x94, 0xd6, 0x93, 0xde, 0xd4, 0x9c, 0xce,
    0x31, 0x21, 0x49, 0xa4, 0x49, 0x61, 0x49, 0x64, 0x49, 0x82, 0x39, 0x01, 0x6a, 0xc7, 0xd6, 0xb5,
    0xd6, 0x94, 0xce, 0x94, 0xce, 0x94, 0xd6, 0x94, 0xe7, 0x58, 0x7a, 0xe6, 0x7a, 0xe6, 0xc5, 0x70,
    0xdd, 0xf2, 0xdd, 0xf3, 0xee, 0x14, 0xed, 0x52, 0xf5, 0x53, 0xf5, 0x54, 0xf5, 0x54, 0xf5, 0x54,
    0xf5, 0x54, 0xf5, 0x33, 0xf5, 0x53, 0xf5, 0x53, 0xf6, 0x15, 0xee, 0xf7, 0xf6, 0xf7, 0xf6, 0xf7,
    0xf6, 0xf7, 0xf7, 0x18, 0xf7, 0x18, 0xf7, 0x18, 0xf7, 0x18, 0xf7, 0x18, 0xf7, 0x18, 0xf7, 0x18,
    0xf7, 0x18, 0xf7, 0x18, 0xf7, 0x18, 0xf7, 0x18, 0xf7, 0x18, 0xf7, 0x18, 0xf7, 0x18, 0xf7, 0x18,
    0xf7, 0x18, 0xf7, 0x18, 0xf7, 0x18, 0xf7, 0x18, 0xf7, 0x18, 0xf7, 0x18, 0xf7, 0x18, 0xf7, 0x18,
    0xf7, 0x18, 0xf7, 0x18, 0xf7, 0x18, 0xf7, 0x18, 0xee, 0xf8, 0xee, 0xf7, 0xee, 0xf7, 0xf6, 0xf7,
    0xed, 0xb3, 0xf5, 0x73, 0xf5, 0x33, 0xf5, 0x54, 0xf5, 0x54, 0xf5, 0x54, 0xf5, 0x53, 0xf5, 0x12,
    0xed, 0x12, 0xed, 0x11, 0xdd, 0x91, 0xe6, 0x12, 0xc5, 0x2e, 0x7a, 0xe6, 0xbd, 0x8f, 0xe7, 0x16,
    0xd6, 0x94, 0xd6, 0x94, 0xd6, 0x93, 0xde, 0xd4, 0x9c, 0xcd, 0x31, 0x21, 0x49, 0xa4, 0x49, 0x61,
    0x49, 0x64, 0x49, 0x82, 0x39, 0x01, 0x6a, 0xc7, 0xd6, 0xb5, 0xce, 0x94, 0xce, 0xb4, 0xd6, 0x94,
    0xd6, 0xb4, 0xe7, 0x58, 0x62, 0x64, 0x72, 0xc5, 0xcd, 0xb2, 0xde, 0x33, 0xe6, 0x54, 0xf6, 0x55,
    0xe5, 0x32, 0xec, 0xf2, 0xf5, 0x54, 0xf5, 0x34, 0xf5, 0x34, 0xf5, 0x54, 0xf5, 0x33, 0xf5, 0x53,
    0xf5, 0x53, 0xf6, 0x35, 0xf7, 0x18, 0xf7, 0x17, 0xf7, 0x17, 0xf7, 0x18, 0xf7, 0x18, 0xf7, 0x18,
    0xf7, 0x18, 0xf7, 0x18, 0xf7, 0x18, 0xf7, 0x18, 0xf7, 0x18, 0xf7, 0x18, 0xf7, 0x18, 0xf7, 0x18,
    0xf7, 0x18, 0xf7, 0x18, 0xf7, 0x18, 0xf7, 0x18, 0xf7, 0x18, 0xf7, 0x18, 0xf7, 0x18, 0xf7, 0x18,
    0xf7, 0x18, 0xf7, 0x18, 0xf7, 0x18, 0xf7, 0x18, 0xf7, 0x18, 0xf7, 0x18, 0xf7, 0x18, 0xf7, 0x18,
    0xf7, 0x18, 0xef, 0x18, 0xef, 0x18, 0xee, 0xf7, 0xf6, 0xf8, 0xed, 0xb3, 0xf5, 0x74, 0xf5, 0x54,
    0xf5, 0x53, 0xf5, 0x54, 0xf5, 0x54, 0xf5, 0x74, 0xf5, 0x33, 0xf5, 0x12, 0xf5, 0x73, 0xee, 0x34,
    0xf6, 0xb5, 0xc5, 0x6f, 0x6a, 0x64, 0xb5, 0x6f, 0xe7, 0x16, 0xd6, 0xb4, 0xd6, 0xb4, 0xd6, 0x93,
    0xde, 0xb4, 0x9c, 0xcd, 0x31, 0x21, 0x49, 0xa4, 0x49, 0x61, 0x49, 0x64, 0x49, 0x82, 0x39, 0x22,
    0x6a, 0xe7, 0xce, 0x33, 0xce, 0x33, 0xd6, 0x94, 0xd6, 0xb4, 0xd6, 0xb4, 0xd6, 0xb4, 0xde, 0xd5,
    0xd6, 0x73, 0x83, 0x88, 0x7a, 0xe5, 0x7a, 0xe5, 0xa4, 0x0a, 0xe6, 0xb8, 0xee, 0xd8, 0xed, 0x73,
    0xed, 0x53, 0xed, 0x52, 0xed, 0x12, 0xed, 0x32, 0xff, 0x3a, 0xff, 0x39, 0xf7, 0x18, 0xf7, 0x18,
    0xf7, 0x17, 0xf7, 0x18, 0xf7, 0x18, 0xf7, 0x18, 0xf7, 0x18, 0xf7, 0x18, 0xf7, 0x18, 0xf7, 0x18,
    0xf7, 0x18, 0xf7, 0x18, 0xf7, 0x18, 0xf7, 0x18, 0xf7, 0x18, 0xf7, 0x18, 0xf7, 0x18, 0xf7, 0x18,
    0xf7, 0x18, 0xf7, 0x18, 0xf7, 0x18, 0xf7, 0x18, 0xf7, 0x18, 0xf7, 0x18, 0xf7, 0x18, 0xf7, 0x18,
    0xf7, 0x18, 0xf7, 0x18, 0xf7, 0x18, 0xf7, 0x18, 0xf7, 0x18, 0xf7, 0x18, 0xef, 0x18, 0xef, 0x17,
    0xee, 0xf7, 0xf7, 0x17, 0xf6, 0xf7, 0xff, 0x3a, 0xf5, 0x93, 0xf5, 0x12, 0xf5, 0x53, 0xf5, 0x53,
    0xf5, 0xb4, 0xf6, 0x56, 0xfe, 0xf8, 0xbc, 0xee, 0x72, 0xe6, 0x6a, 0xa5, 0x83, 0xa8, 0xe6, 0xf6,
    0xde, 0xd6, 0xde, 0xb5, 0xde, 0xb5, 0xd6, 0xb4, 0xc6, 0x31, 0xce, 0x52, 0x9c, 0xad, 0x31, 0x22,
    0x41, 0x84, 0x49, 0x61, 0x49, 0x85, 0x49, 0xa3, 0x39, 0x23, 0x62, 0xa7, 0xad, 0x4e, 0xb5, 0x4f,
    0xce, 0x94, 0xd6, 0x94, 0xd6, 0x94, 0xd6, 0xb4, 0xd6, 0xb4, 0xd6, 0x94, 0x8b, 0xc8, 0x72, 0xe5,
    0x7b, 0x05, 0xa4, 0x4a, 0xe6, 0x96, 0xe6, 0x97, 0xee, 0xb7, 0xf6, 0xf8, 0xf7, 0x38, 0xf6, 0xf7,
    0xf6, 0xd7, 0xf6, 0xf7, 0xf7, 0x17, 0xf7, 0x17, 0xf7, 0x18, 0xf7, 0x17, 0xf7, 0x17, 0xf7, 0x17,
    0xf7, 0x17, 0xf7, 0x17, 0xf7, 0x18, 0xf7, 0x18, 0xf7, 0x18, 0xf7, 0x18, 0xf7, 0x18, 0xf7, 0x18,
    0xf7, 0x18, 0xf7, 0x18, 0xf7, 0x18, 0xf7, 0x18, 0xf7, 0x18, 0xf7, 0x18, 0xf7, 0x18, 0xf7, 0x18,
    0xf7, 0x18, 0xf7, 0x18, 0xf7, 0x18, 0xf7, 0x18, 0xf7, 0x18, 0xf7, 0x18, 0xf7, 0x18, 0xf7, 0x18,
    0xf7, 0x18, 0xf7, 0x18, 0xf7, 0x17, 0xef, 0x17, 0xef, 0x17, 0xef, 0x17, 0xf7, 0x17, 0xf6, 0xf7,
    0xee, 0xf6, 0xee, 0x96, 0xee, 0x75, 0xee, 0x55, 0xee, 0x96, 0xee, 0x97, 0xee, 0xb7, 0xf7, 0x17,
    0xbd, 0x2f, 0x7b, 0x26, 0x6a, 0xc5, 0x83, 0xc8, 0xd6, 0x95, 0xd6, 0xb4, 0xde, 0xb5, 0xd6, 0x94,
    0xde, 0xb4, 0xb5, 0x6e, 0xb5, 0x8f, 0x94, 0x8c, 0x31, 0x63, 0x41, 0xc6, 0x49, 0x83, 0x41, 0x43,
    0x41, 0x41, 0x38, 0xe2, 0x62, 0xe8, 0xce, 0x52, 0xce, 0x52, 0xd6, 0x94, 0xd6, 0xb4, 0xd6, 0x94,
    0xd6, 0xb4, 0xd6, 0xb4, 0xde, 0xb4, 0x8b, 0xa8, 0x62, 0x63, 0x72, 0xa3, 0x9b, 0xe8, 0xcd, 0x70,
    0xcd, 0xb1, 0xdd, 0xf2, 0xde, 0x33, 0xef, 0x38, 0xf7, 0x59, 0xf7, 0x17, 0xf6, 0xf7, 0xf7, 0x17,
    0xf7, 0x17, 0xf7, 0x17, 0xf7, 0x17, 0xef, 0x17, 0xf7, 0x17, 0xef, 0x17, 0xef, 0x17, 0xef, 0x18,
    0xf7, 0x18, 0xf7, 0x18, 0xf7, 0x18, 0xf7, 0x18, 0xf7, 0x18, 0xf7, 0x18, 0xf7, 0x18, 0xf7, 0x18,
    0xf7, 0x18, 0xf7, 0x18, 0xf7, 0x18, 0xf7, 0x18, 0xf7, 0x18, 0xf7, 0x18, 0xf7, 0x18, 0xf7, 0x18,
    0xf7, 0x18, 0xf7, 0x18, 0xf7, 0x18, 0xf7, 0x18, 0xf7, 0x18, 0xef, 0x18, 0xef, 0x17, 0xef, 0x17,
    0xee, 0xf7, 0xef, 0x17, 0xee, 0xf7, 0xee, 0xf7, 0xee, 0xf7, 0xee, 0xd6, 0xf6, 0xf7, 0xf7, 0x18,
    0xef, 0x18, 0xf7, 0x39, 0xee, 0xd7, 0xf7, 0x18, 0xff, 0x79, 0xad, 0x0e, 0x62, 0x64, 0x5a, 0x43,
    0x7b, 0xa8, 0xde, 0xb5, 0xd6, 0x94, 0xd6, 0xb4, 0xd6, 0xb4, 0xde, 0xd4, 0xce, 0x31, 0xd6, 0x73,
    0xad, 0x0e, 0x39, 0x42, 0x41, 0x84, 0x49, 0x21, 0x41, 0x43, 0x49, 0xa3, 0x62, 0xe8, 0x52, 0xeb,
    0x83, 0xa9, 0x83, 0xea, 0xce, 0x53, 0xce, 0x73, 0xce, 0x53, 0xd6, 0x74, 0xd6, 0x94, 0xde, 0xd5,
    0xbd, 0x6f, 0xac, 0xec, 0xb5, 0x4e, 0xb5, 0x2d, 0x9c, 0x2a, 0x9b, 0xe9, 0x9b, 0xc8, 0x9b, 0xa8,
    0xde, 0x34, 0xf7, 0x59, 0xf7, 0x17, 0xf7, 0x17, 0xf7, 0x17, 0xf6, 0xf7, 0xee, 0xf7, 0xee, 0xf7,
    0xee, 0xf7, 0xee, 0xf7, 0xee, 0xf7, 0xee, 0xf7, 0xee, 0xf7, 0xee, 0xf7, 0xee, 0xf7, 0xee, 0xf7,
    0xee, 0xf7, 0xee, 0xf7, 0xee, 0xf7, 0xee, 0xf7, 0xee, 0xf7, 0xee, 0xf7, 0xee, 0xf7, 0xee, 0xf7,
    0xee, 0xf7, 0xee, 0xf7, 0xee, 0xf7, 0xee, 0xf7, 0xee, 0xf7, 0xee, 0xf7, 0xee, 0xf7, 0xee, 0xf7,
    0xee, 0xf7, 0xee, 0xf7, 0xee, 0xf7, 0xee, 0xf7, 0xee, 0xf7, 0xee, 0xf7, 0xee, 0xf7, 0xee, 0xf7,
    0xee, 0xf7, 0xee, 0xf6, 0xee, 0xd7, 0xee, 0xf7, 0xee, 0xd7, 0xf7, 0x59, 0xee, 0xf7, 0xb4, 0x8c,
    0xbc, 0xce, 0xb4, 0xed, 0xa4, 0xcc, 0xa4, 0xcc, 0x9c, 0x6b, 0xad, 0x4e, 0xd6, 0xb4, 0xd6, 0x73,
    0xce, 0x53, 0xce, 0x53, 0xde, 0xb4, 0x8c, 0x09, 0xa4, 0xac, 0x8c, 0x08, 0x41, 0xe6, 0x41, 0x84,
    0x41, 0x64, 0x29, 0x45, 0x29, 0x45, 0x29, 0x45, 0x83, 0xab, 0x51, 0x42, 0x59, 0x83, 0xce, 0x54,
    0xc6, 0x32, 0xce, 0x33, 0xd6, 0xb4, 0xd6, 0xb5, 0xd6, 0x94, 0xde, 0xd6, 0xe6, 0xf7, 0xe7, 0x37,
    0xc5, 0xd0, 0x72, 0xa5, 0x72, 0x84, 0x83, 0x25, 0x93, 0x88, 0xde, 0x54, 0xee, 0xf7, 0xee, 0xb5,
    0xee, 0xd6, 0xee, 0xf7, 0xee, 0xf7, 0xee, 0xf7, 0xee, 0xf7, 0xee, 0xf7, 0xee, 0xd7, 0xee, 0xf7,
    0xee, 0xf7, 0xee, 0xf7, 0xee, 0xf7, 0xee, 0xf7, 0xee, 0xf7, 0xee, 0xf7, 0xee, 0xf7, 0xee, 0xf7,
    0xee, 0xf7, 0xee, 0xf7, 0xee, 0xf7, 0xee, 0xf7, 0xee, 0xf7, 0xee, 0xf7, 0xee, 0xf7, 0xee, 0xf7,
    0xee, 0xf7, 0xee, 0xf7, 0xee, 0xf7, 0xee, 0xf7, 0xee, 0xf7, 0xee, 0xf7, 0xee, 0xf7, 0xee, 0xd7,
    0xee, 0xd7, 0xee, 0xd7, 0xe6, 0xd6, 0xe6, 0xb6, 0xe6, 0xb6, 0xe6, 0xb5, 0xe6, 0xb6, 0xe6, 0xb6,
    0xe6, 0xb6, 0xe6, 0xb6, 0xf7, 0x59, 0xcd, 0xb2, 0x6a, 0x64, 0x6a, 0x64, 0x59, 0xe2, 0xa4, 0x8c,
    0xe7, 0x17, 0xe6, 0xf6, 0xde, 0xd5, 0xd6, 0x94, 0xd6, 0x73, 0xd6, 0x73, 0xce, 0x53, 0xe6, 0xf5,
    0x28, 0xe2, 0x41, 0x84, 0xa4, 0xcc, 0x29, 0x45, 0x29, 0x45, 0x29, 0x45, 0x29, 0x45, 0x29, 0x45,
    0x29, 0x45, 0x51, 0x83, 0x51, 0x83, 0x59, 0xc4, 0xbe, 0x12, 0xbd, 0x90, 0xb5, 0x90, 0xbd, 0xf1,
    0xce, 0x73, 0xd6, 0x73, 0xde, 0xb5, 0xde, 0xd6, 0xde, 0xf5, 0xce, 0x32, 0xb5, 0x2e, 0xb5, 0x2e,
    0xc5, 0xf1, 0xc5, 0x90, 0xac, 0x8c, 0xac, 0x6b, 0xac, 0x6b, 0xac, 0x6c, 0xac, 0x6c, 0xac, 0x6b,
    0xac, 0x8c, 0xac, 0x6c, 0xac, 0x6c, 0xac, 0x6c, 0xac, 0x6c, 0xac, 0x8c, 0xac, 0x8c, 0xac, 0x8c,
    0xac, 0x6c, 0xac, 0x6c, 0xac, 0x6c, 0xac, 0x6c, 0xac, 0x8c, 0xac, 0x6c, 0xac, 0x6c, 0xac, 0x8c,
    0xac, 0x8c, 0xac, 0x8c, 0xac, 0x8c, 0xac, 0x8c, 0xb4, 0x8c, 0xb4, 0xac, 0xb4, 0xac, 0xb4, 0xac,
    0xb4, 0xad, 0xb4, 0xac, 0xb4, 0xac, 0xb4, 0xac, 0xb4, 0xac, 0xac, 0x8c, 0xac, 0x8c, 0xac, 0x6c,
    0xac, 0x6b, 0xac, 0x6b, 0xac, 0x6b, 0xac, 0x4b, 0xac, 0x4b, 0xac, 0x4b, 0xac, 0x4b, 0xac, 0x6b,
    0xa4, 0x2b, 0x9c, 0x0a, 0x9c, 0x2a, 0x8b, 0xa7, 0xac, 0xed, 0xe6, 0xf5, 0xde, 0xb4, 0xde, 0xb4,
    0xde, 0xb4, 0xce, 0x53, 0xc5, 0xf1, 0xc5, 0xf1, 0xde, 0xb3, 0x39, 0x43, 0x51, 0xe4, 0x59, 0xe4,
    0x29, 0x45, 0x29, 0x45, 0x29, 0x45, 0x29, 0x45, 0x29, 0x45, 0x29, 0x45, 0x49, 0x63, 0x51, 0xa3,
    0x51, 0xa4, 0xb5, 0x70, 0xa4, 0xed, 0xa4, 0xed, 0xad, 0x0e, 0xc5, 0xf2, 0xce, 0x53, 0xd6, 0xb5,
    0xde, 0xd5, 0xde, 0xd5, 0xd6, 0x94, 0xd6, 0x94, 0xde, 0xb5, 0xde, 0xd6, 0xcd, 0xf2, 0x8b, 0x67,
    0x8b, 0x46, 0x93, 0x87, 0x8b, 0x67, 0x8b, 0x67, 0x8b, 0x67, 0x8b, 0x67, 0x8b, 0x67, 0x93, 0x67,
    0x93, 0x67, 0x93, 0x68, 0x93, 0x68, 0x93, 0x67, 0x93, 0x88, 0x93, 0x67, 0x93, 0x67, 0x93, 0x67,
    0x93, 0x67, 0x93, 0x67, 0x93, 0x67, 0x93, 0x67, 0x93, 0x68, 0x93, 0x88, 0x93, 0x88, 0x93, 0x88,
    0x93, 0x88, 0x93, 0x88, 0x93, 0xa8, 0x93, 0xa8, 0x93, 0xa8, 0x9b, 0xa8, 0x9b, 0xa8, 0x9b, 0xa8,
    0x9b, 0xa8, 0x9b, 0xa8, 0x9b, 0xa8, 0x9b, 0x88, 0x93, 0x88, 0x93, 0x88, 0x93, 0x68, 0x93, 0x88,
    0x93, 0x68, 0x93, 0x68, 0x93, 0x88, 0x9b, 0x88, 0x8b, 0x26, 0x9b, 0xe9, 0xce, 0x52, 0xd6, 0x72,
    0xd6, 0x52, 0xce, 0x52, 0xde, 0xb4, 0xd6, 0xb4, 0xd6, 0x94, 0xce, 0x73, 0xad, 0x2e, 0x83, 0xc8,
    0x8c, 0x08, 0xbd, 0x6e, 0x31, 0x02, 0x49, 0xa4, 0x51, 0xa2, 0x29, 0x45, 0x29, 0x45, 0x29, 0x45,
    0x29, 0x45, 0x29, 0x45, 0x29, 0x45, 0x41, 0x63, 0x41, 0x44, 0x49, 0x86, 0xad, 0x4e, 0xad, 0x0e,
    0xad, 0x4f, 0xad, 0x90, 0xc6, 0x12, 0xce, 0x53, 0xd6, 0xb4, 0xd6, 0xb5, 0xde, 0xb5, 0xde, 0xb5,
    0xd6, 0xb5, 0xd6, 0xb5, 0xde, 0xd5, 0xce, 0x32, 0xa4, 0x4a, 0x9c, 0x08, 0x9c, 0x08, 0x9c, 0x08,
    0x9c, 0x08, 0x94, 0x08, 0x93, 0xe9, 0x93, 0xe9, 0x93, 0xe9, 0x93, 0xe9, 0x93, 0xe9, 0x93, 0xe9,
    0x93, 0xe9, 0x93, 0xe9, 0x93, 0xe9, 0x93, 0xe9, 0x93, 0xe9, 0x93, 0xe9, 0x93, 0xe9, 0x9c, 0x09,
    0x9c, 0x09, 0x9c, 0x09, 0x9c, 0x09, 0x9c, 0x0a, 0x9c, 0x0a, 0x9c, 0x0a, 0x9c, 0x0a, 0x9c, 0x0a,
    0x9c, 0x0a, 0x9c, 0x0a, 0x9c, 0x0a, 0x9c, 0x09, 0x9c, 0x09, 0x9c, 0x09, 0x9c, 0x09, 0x9c, 0x09,
    0x93, 0xe9, 0x93, 0xc9, 0x93, 0xc9, 0x93, 0xc8, 0x93, 0xc8, 0x93, 0xc8, 0x93, 0xc8, 0x93, 0xc8,
    0x94, 0x09, 0x83, 0x66, 0x94, 0x2a, 0xd6, 0x94, 0xd6, 0x94, 0xde, 0xb4, 0xde, 0xb4, 0xd6, 0xb3,
    0xd6, 0xb3, 0xd6, 0x93, 0xce, 0x31, 0xbd, 0x8f, 0xa4, 0xac, 0x9c, 0xcd, 0xb5, 0x8f, 0x39, 0x02,
    0x41, 0x63, 0x41, 0x62, 0x29, 0x45, 0x29, 0x45, 0x29, 0x45, 0x29, 0x45, 0x29, 0x45, 0x29, 0x45,
    0x29, 0x45, 0x29, 0x45, 0x29, 0x45, 0x39, 0x45, 0x39, 0x64, 0x31, 0x42, 0x39, 0x62, 0xa5, 0x2d,
    0xa5, 0x0e, 0xbd, 0xf1, 0xc5, 0xf1, 0xc5, 0xf0, 0xc6, 0x31, 0xd6, 0xd6, 0xde, 0xd5, 0xde, 0xf5,
    0xde, 0xf6, 0xde, 0xf6, 0xd6, 0xd5, 0xd6, 0xb4, 0xd6, 0xb4, 0xd6, 0xb4, 0xd6, 0xb4, 0xd6, 0xb4,
    0xd6, 0xb4, 0xd6, 0xb4, 0xd6, 0xb4, 0xd6, 0xb4, 0xd6, 0x94, 0xd6, 0x94, 0xd6, 0xb4, 0xd6, 0xb4,
    0xd6, 0xb4, 0xd6, 0xb4, 0xd6, 0xb4, 0xd6, 0xb4, 0xd6, 0xb4, 0xd6, 0xb4, 0xd6, 0xb4, 0xd6, 0xb4,
    0xd6, 0xb4, 0xd6, 0xb4, 0xd6, 0xb4, 0xd6, 0x94, 0xd6, 0x94, 0xd6, 0x94, 0xd6, 0x94, 0xd6, 0x94,
    0xd6, 0x94, 0xd6, 0x94, 0xd6, 0x94, 0xd6, 0x94, 0xd6, 0x94, 0xd6, 0x94, 0xd6, 0x94, 0xd6, 0x94,
    0xd6, 0x94, 0xd6, 0x94, 0xd6, 0x94, 0xd6, 0x94, 0xd6, 0xb4, 0xd6, 0xb4, 0xd6, 0xb4, 0xd6, 0xd4,
    0xd6, 0xb4, 0xd6, 0xb4, 0xd6, 0xb4, 0xc6, 0x11, 0xbd, 0xcf, 0xbd, 0xcf, 0xbd, 0x8e, 0xa4, 0xaa,
    0x6b, 0x27, 0x29, 0x03, 0x39, 0x85, 0x39, 0x64, 0x29, 0x45, 0x29, 0x45, 0x29, 0x45, 0x29, 0x45,
    0x29, 0x45, 0x29, 0x45, 0x29, 0x45, 0x29, 0x45, 0x29, 0x45, 0x29, 0x45, 0x29, 0x45, 0x29, 0x45,
    0x31, 0x24, 0x30, 0xe2, 0x30, 0xe1, 0x41, 0x63, 0xa5, 0x4c, 0xa5, 0x0e, 0xb5, 0x8f, 0xbd, 0xaf,
    0xbd, 0xaf, 0xbd, 0xd0, 0xce, 0x94, 0xce, 0x73, 0xce, 0x32, 0xce, 0x52, 0xd6, 0xb4, 0xd6, 0xb4,
    0xd6, 0xb4, 0xd6, 0xb4, 0xd6, 0xb4, 0xd6, 0xb4, 0xd6, 0xb4, 0xd6, 0xb4, 0xd6, 0xb4, 0xd6, 0x94,
    0xd6, 0x93, 0xd6, 0x93, 0xce, 0x93, 0xce, 0x93, 0xce, 0x93, 0xce, 0x93, 0xd6, 0x93, 0xd6, 0xb3,
    0xd6, 0x93, 0xd6, 0x93, 0xd6, 0x93, 0xd6, 0x93, 0xd6, 0x93, 0xd6, 0x93, 0xd6, 0x93, 0xd6, 0x93,
    0xd6, 0x93, 0xd6, 0x93, 0xd6, 0x93, 0xd6, 0x94, 0xd6, 0x93, 0xce, 0x93, 0xce, 0x93, 0xce, 0x93,
    0xd6, 0x93, 0xd6, 0x93, 0xd6, 0x93, 0xd6, 0x93, 0xd6, 0x93, 0xce, 0x93, 0xd6, 0x93, 0xd6, 0x93,
    0xce, 0x93, 0xd6, 0x93, 0xd6, 0x93, 0xd6, 0x93, 0xd6, 0xb4, 0xce, 0x72, 0xce, 0x73, 0xd6, 0x73,
    0xc6, 0x11, 0xbd, 0xd0, 0xbd, 0xd0, 0xb5, 0x8f, 0xad, 0x2d, 0x73, 0x25, 0x28, 0xe1, 0x39, 0x43,
    0x39, 0x01, 0x29, 0x45, 0x29, 0x45, 0x29, 0x45, 0x29, 0x45, 0x29, 0x45, 0x29, 0x45, 0x29, 0x45,
    0x29, 0x45, 0x29, 0x45, 0x29, 0x45, 0x29, 0x45, 0x29, 0x45, 0x30, 0xe2, 0x31, 0x42, 0x41, 0x63,
    0x9c, 0xcc, 0x5a, 0x43, 0x5a, 0x45, 0x5a, 0x65, 0x5a, 0x86, 0x52, 0x24, 0x6b, 0x27, 0xb5, 0x90,
    0xb5, 0x6e, 0xad, 0x2d, 0xad, 0x0d, 0xc6, 0x11, 0xd6, 0x93, 0xce, 0x93, 0xce, 0x93, 0xce, 0x93,
    0xce, 0x93, 0xce, 0x93, 0xce, 0x93, 0xce, 0x93, 0xce, 0x93, 0xce, 0x93, 0xce, 0x93, 0xce, 0x93,
    0xce, 0x93, 0xce, 0x93, 0xce, 0x93, 0xce, 0x93, 0xce, 0x93, 0xce, 0x93, 0xce, 0x93, 0xce, 0x93,
    0xce, 0x93, 0xce, 0x93, 0xce, 0x93, 0xce, 0x93, 0xce, 0x93, 0xce, 0x93, 0xce, 0x93, 0xce, 0x93,
    0xce, 0x93, 0xce, 0x93, 0xce, 0x93, 0xce, 0x93, 0xce, 0x73, 0xce, 0x73, 0xce, 0x73, 0xce, 0x73,
    0xce, 0x73, 0xce, 0x73, 0xce, 0x72, 0xce, 0x72, 0xce, 0x72, 0xce, 0x72, 0xce, 0x72, 0xce, 0x72,
    0xd6, 0x93, 0xce, 0x73, 0xad, 0x2e, 0xad, 0x4e, 0xbd, 0x8f, 0x7b, 0xa9, 0x5a, 0xa7, 0x5a, 0xc7,
    0x5a, 0xa7, 0x5a, 0x87, 0x62, 0x64, 0x6b, 0x25, 0x39, 0x84, 0x39, 0x43, 0x29, 0x45, 0x29, 0x45,
    0x29, 0x45, 0x29, 0x45, 0x29, 0x45, 0x29, 0x45, 0x29, 0x45, 0x29, 0x45, 0x29, 0x45, 0x29, 0x45,
    0x29, 0x45, 0x29, 0x45, 0x29, 0x45, 0x29, 0x45, 0x29, 0x45, 0x52, 0x23, 0x49, 0x20, 0x39, 0x42,
    0x39, 0x62, 0x39, 0x62, 0x30, 0xc0, 0x4a, 0x04, 0xa4, 0xee, 0xa4, 0xcc, 0x9c, 0xcb, 0x9c, 0x8b,
    0xbd, 0xd1, 0xd6, 0x94, 0xce, 0x73, 0xce, 0x53, 0xce, 0x53, 0xce, 0x53, 0xce, 0x53, 0xce, 0x53,
    0xce, 0x53, 0xce, 0x53, 0xce, 0x52, 0xce, 0x52, 0xc6, 0x52, 0xc6, 0x52, 0xc6, 0x52, 0xc6, 0x52,
    0xc6, 0x52, 0xc6, 0x52, 0xce, 0x52, 0xce, 0x72, 0xce, 0x72, 0xce, 0x52, 0xce, 0x52, 0xce, 0x52,
    0xce, 0x52, 0xce, 0x52, 0xc6, 0x52, 0xc6, 0x52, 0xc6, 0x52, 0xce, 0x52, 0xce, 0x52, 0xce, 0x52,
    0xce, 0x52, 0xc6, 0x52, 0xc6, 0x52, 0xc6, 0x52, 0xc6, 0x52, 0xc6, 0x32, 0xc6, 0x52, 0xce, 0x52,
    0xce, 0x52, 0xce, 0x52, 0xce, 0x52, 0xce, 0x53, 0xce, 0x52, 0xd6, 0x93, 0xce, 0x52, 0x9c, 0xac,
    0xa4, 0xcd, 0xad, 0x2e, 0x5a, 0x66, 0x31, 0x64, 0x39, 0x63, 0x39, 0x43, 0x39, 0x63, 0x42, 0x49,
    0x5a, 0x65, 0x29, 0x45, 0x29, 0x45, 0x29, 0x45, 0x29, 0x45, 0x29, 0x45, 0x29, 0x45, 0x29, 0x45,
    0x29, 0x45, 0x29, 0x45, 0x29, 0x45, 0x29, 0x45, 0x29, 0x45, 0x29, 0x45, 0x29, 0x45, 0x29, 0x45,
    0x29, 0x45, 0x29, 0x45, 0x49, 0x82, 0x41, 0x82, 0x41, 0xa3, 0x41, 0xa3, 0x41, 0xa3, 0x39, 0x22,
    0x52, 0x87, 0xad, 0x71, 0xad, 0x4f, 0xb5, 0x6f, 0xb5, 0x4f, 0xde, 0xb7, 0xef, 0x9a, 0xef, 0x37,
    0xef, 0x58, 0xef, 0x58, 0xef, 0x57, 0xef, 0x57, 0xe7, 0x57, 0xe7, 0x37, 0xe7, 0x37, 0xe7, 0x37,
    0xe7, 0x37, 0xe7, 0x37, 0xe7, 0x37, 0xe7, 0x57, 0xe7, 0x57, 0xe7, 0x37, 0xe7, 0x37, 0xe7, 0x37,
    0xe7, 0x57, 0xe7, 0x57, 0xe7, 0x57, 0xe7, 0x57, 0xe7, 0x57, 0xe7, 0x37, 0xe7, 0x37, 0xe7, 0x37,
    0xe7, 0x57, 0xe7, 0x57, 0xe7, 0x57, 0xe7, 0x57, 0xe7, 0x37, 0xe7, 0x37, 0xe7, 0x37, 0xe7, 0x37,
    0xe7, 0x37, 0xe7, 0x37, 0xe7, 0x37, 0xe7, 0x37, 0xe7, 0x37, 0xe7, 0x36, 0xe7, 0x36, 0xe7, 0x36,
    0xe7, 0x16, 0xe7, 0x16, 0xe7, 0x36, 0xe6, 0xf5, 0xb5, 0x90, 0xbd, 0xb0, 0xc6, 0x11, 0x6b, 0x28,
    0x39, 0xa5, 0x41, 0xc4, 0x41, 0xa4, 0x41, 0x84, 0x41, 0x84, 0x29, 0x45, 0x29, 0x45, 0x29, 0x45,
    0x29, 0x45, 0x29, 0x45, 0x29, 0x45, 0x29, 0x45, 0x29, 0x45, 0x29, 0x45, 0x29, 0x45, 0x29, 0x45,
    0x29, 0x45, 0x29, 0x45, 0x29, 0x45, 0x29, 0x45, 0x29, 0x45, 0x29, 0x45, 0x29, 0x45, 0x29, 0x45,
    0x29, 0x45, 0x29, 0x45, 0x29, 0x45, 0x29, 0x45, 0x29, 0x45, 0x49, 0xe4, 0x38, 0xc1, 0x38, 0xe0,
    0x31, 0x01, 0x31, 0x02, 0x31, 0x01, 0x31, 0x01, 0x39, 0x01, 0x30, 0xe1, 0x39, 0x02, 0x31, 0x01,
    0x31, 0x01, 0x39, 0x02, 0x39, 0x02, 0x39, 0x02, 0x39, 0x02, 0x39, 0x02, 0x39, 0x02, 0x39, 0x02,
    0x39, 0x02, 0x39, 0x02, 0x39, 0x02, 0x39, 0x02, 0x39, 0x02, 0x39, 0x02, 0x39, 0x02, 0x39, 0x02,
    0x39, 0x22, 0x39, 0x22, 0x39, 0x22, 0x39, 0x22, 0x39, 0x22, 0x39, 0x22, 0x39, 0x22, 0x39, 0x22,
    0x39, 0x22, 0x39, 0x22, 0x39, 0x22, 0x39, 0x22, 0x39, 0x22, 0x39, 0x22, 0x39, 0x22, 0x39, 0x22,
    0x39, 0x22, 0x39, 0x22, 0x39, 0x22, 0x39, 0x22, 0x39, 0x22, 0x39, 0x22, 0x39, 0x22, 0x39, 0x22,
    0x39, 0x02, 0x31, 0x23, 0x31, 0x23, 0x38, 0xe1, 0x49, 0xc5, 0x29, 0x45, 0x29, 0x45, 0x29, 0x45,
    0x29, 0x45, 0x29, 0x45, 0x29, 0x45, 0x29, 0x45, 0x29, 0x45, 0x29, 0x45, 0x29, 0x45, 0x29, 0x45,
    0x29, 0x45, 0x29, 0x45, 0x29, 0x45, 0x29, 0x45, 0x29, 0x45, 0x29, 0x45, 0x29, 0x45, 0x29, 0x45,
    0x29, 0x45, 0x29, 0x45, 0x29, 0x45, 0x29, 0x45, 0x29, 0x45, 0x29, 0x45, 0x29, 0x45, 0x29, 0x45,
    0x29, 0x45, 0x29, 0x45, 0x49, 0x22, 0x49, 0x02, 0x41, 0x21, 0x39, 0x42, 0x39, 0x42, 0x39, 0x42,
    0x41, 0x42, 0x41, 0x42, 0x41, 0x42, 0x41, 0x43, 0x41, 0x63, 0x41, 0x63, 0x41, 0x63, 0x41, 0x63,
    0x41, 0x63, 0x41, 0x63, 0x41, 0x83, 0x49, 0x83, 0x49, 0x83, 0x41, 0x84, 0x41, 0x84, 0x49, 0x84,
    0x49, 0x84, 0x41, 0x63, 0x41, 0x63, 0x41, 0x63, 0x41, 0x63, 0x41, 0x63, 0x41, 0x63, 0x41, 0x83,
    0x41, 0x83, 0x49, 0x83, 0x49, 0x84, 0x49, 0x84, 0x49, 0x84, 0x49, 0x84, 0x49, 0x84, 0x49, 0x84,
    0x49, 0x84, 0x49, 0x84, 0x49, 0x84, 0x49, 0x84, 0x49, 0x83, 0x49, 0x84, 0x49, 0x84, 0x49, 0xa4,
    0x49, 0xa4, 0x49, 0xa4, 0x49, 0xa4, 0x49, 0xa4, 0x49, 0xa4, 0x49, 0xa4, 0x41, 0xe6, 0x41, 0xa5,
    0x49, 0x43, 0x41, 0xa3, 0x29, 0x45, 0x29, 0x45, 0x29, 0x45, 0x29, 0x45, 0x29, 0x45, 0x29, 0x45,
    0x29, 0x45, 0x29, 0x45, 0x29, 0x45, 0x29, 0x45, 0x29, 0x45, 0x29, 0x45, 0x29, 0x45, 0x29, 0x45,
    0x29, 0x45, 0x29, 0x45, 0x29, 0x45, 0x29, 0x45, 0x29, 0x45, 0x29, 0x45, 0x29, 0x45, 0x29, 0x45,
    0x29, 0x45, 0x29, 0x45, 0x29, 0x45, 0x29, 0x45, 0x29, 0x45, 0x29, 0x45, 0x29, 0x45, 0x29, 0x45,
    0x41, 0x01, 0x41, 0x01, 0x41, 0x21, 0x41, 0x41, 0x41, 0x42, 0x41, 0x42, 0x41, 0x62, 0x41, 0x82,
    0x6a, 0xc7, 0x73, 0x48, 0x73, 0x28, 0x73, 0x28, 0x73, 0x48, 0x73, 0x48, 0x73, 0x49, 0x73, 0x49,
    0x73, 0x48, 0x73, 0x48, 0x7b, 0x49, 0x7b, 0x49, 0x7b, 0x49, 0x7b, 0x49, 0x73, 0x49, 0x7b, 0x49,
    0x7b, 0x69, 0x7b, 0x69, 0x7b, 0x69, 0x7b, 0x69, 0x7b, 0x69, 0x7b, 0x69, 0x7b, 0x69, 0x7b, 0x69,
    0x7b, 0x69, 0x7b, 0x69, 0x7b, 0x69, 0x7b, 0x69, 0x7b, 0x69, 0x7b, 0x69, 0x7b, 0x69, 0x7b, 0x69,
    0x7b, 0x69, 0x7b, 0x69, 0x7b, 0x69, 0x7b, 0x69, 0x83, 0xaa, 0x7b, 0x49, 0x41, 0x63, 0x49, 0xc4,
    0x51, 0xc4, 0x49, 0xa4, 0x49, 0xa4, 0x41, 0xa4, 0x41, 0x44, 0x48, 0xa1, 0x49, 0x43, 0x29, 0x45,
    0x29, 0x45, 0x29, 0x45, 0x29, 0x45, 0x29, 0x45, 0x29, 0x45, 0x29, 0x45, 0x29, 0x45, 0x29, 0x45,
    0x29, 0x45, 0x29, 0x45, 0x29, 0x45, 0x29, 0x45, 0x29, 0x45, 0x29, 0x45, 0x29, 0x45, 0x29, 0x45,
    0x29, 0x45, 0x29, 0x45, 0x29, 0x45, 0x29, 0x45, 0x29, 0x45, 0x29, 0x45, 0x29, 0x45, 0x29, 0x45,
    0x29, 0x45, 0x29, 0x45, 0x29, 0x45, 0x29, 0x45, 0x29, 0x45, 0x29, 0x45, 0x29, 0x45, 0x29, 0x45,
    0x29, 0x45, 0x29, 0x45, 0x29, 0x45, 0x39, 0x00, 0x31, 0x01, 0x6b, 0x08, 0xb5, 0x6f, 0xb5, 0x6f,
    0xad, 0x4f, 0xad, 0x4e, 0xad, 0x4e, 0xad, 0x4e, 0xad, 0x4e, 0xad, 0x4e, 0xad, 0x4e, 0xad, 0x2e,
    0xad, 0x4e, 0xad, 0x2e, 0xad, 0x2e, 0xad, 0x2e, 0xad, 0x2e, 0xad, 0x2e, 0xad, 0x2e, 0xad, 0x2e,
    0xad, 0x2e, 0xad, 0x2e, 0xad, 0x2e, 0xad, 0x2f, 0xad, 0x4f, 0xad, 0x4f, 0xad, 0x4f, 0xad, 0x4f,
    0xad, 0x4e, 0xad, 0x2e, 0xad, 0x2e, 0xad, 0x2e, 0xad, 0x2e, 0xa5, 0x2e, 0xa5, 0x2e, 0xa5, 0x2e,
    0xa5, 0x0e, 0xb5, 0x70, 0x9c, 0x8d, 0x41, 0x43, 0x41, 0x84, 0x41, 0xa4, 0x49, 0x84, 0x41, 0x84,
    0x29, 0x45, 0x29, 0x45, 0x29, 0x45, 0x29, 0x45, 0x29, 0x45, 0x29, 0x45, 0x29, 0x45, 0x29, 0x45,
    0x29, 0x45, 0x29, 0x45, 0x29, 0x45, 0x29, 0x45, 0x29, 0x45, 0x29, 0x45, 0x29, 0x45, 0x29, 0x45,
    0x29, 0x45, 0x29, 0x45, 0x29, 0x45, 0x29, 0x45, 0x29, 0x45, 0x29, 0x45, 0x29, 0x45, 0x29, 0x45,
    0x29, 0x45, 0x29, 0x45, 0x29, 0x45, 0x29, 0x45, 0x29, 0x45, 0x29, 0x45, 0x29, 0x45, 0x29, 0x45,
    0x29, 0x45, 0x29, 0x45, 0x29, 0x45, 0x29, 0x45, 0x29, 0x45, 0x29, 0x45, 0x29, 0x45, 0x49, 0xc3,
    0x30, 0xc0, 0x28, 0xc0, 0x62, 0xc6, 0xb5, 0x4e, 0xad, 0x2e, 0xa5, 0x0e, 0xa5, 0x0d, 0xa5, 0x0d,
    0xa5, 0x0d, 0xa5, 0x0d, 0xa4, 0xed, 0xa4, 0xed, 0xa4, 0xed, 0xa4, 0xec, 0xa4, 0xec, 0xa4, 0xec,
    0x9c, 0xec, 0x9c, 0xec, 0x9c, 0xed, 0xa4, 0xed, 0xa4, 0xed, 0xa4, 0xed, 0xa4, 0xed, 0xa4, 0xed,
    0xa4, 0xed, 0xa5, 0x0d, 0xa5, 0x0d, 0xa5, 0x0d, 0xa5, 0x0d, 0xa5, 0x0d, 0xa4, 0xed, 0xa4, 0xed,
    0xa4, 0xed, 0xa4, 0xed, 0xa4, 0xed, 0x9c, 0xed, 0x9c, 0xcd, 0x9c, 0xcd, 0xad, 0x4f, 0x9c, 0x8c,
    0x30, 0xe1, 0x39, 0x43, 0x41, 0x83, 0x41, 0x84, 0x41, 0x84, 0x29, 0x45, 0x29, 0x45, 0x29, 0x45,
    0x29, 0x45, 0x29, 0x45, 0x29, 0x45, 0x29, 0x45, 0x29, 0x45, 0x29, 0x45, 0x29, 0x45, 0x29, 0x45,
    0x29, 0x45, 0x29, 0x45, 0x29, 0x45, 0x29, 0x45, 0x29, 0x45, 0x29, 0x45, 0x29, 0x45, 0x29, 0x45,
    0x29, 0x45, 0x29, 0x45, 0x29, 0x45, 0x29, 0x45, 0x29, 0x45, 0x29, 0x45, 0x29, 0x45, 0x29, 0x45,
    0x29, 0x45, 0x29, 0x45, 0x29, 0x45, 0x29, 0x45, 0x29, 0x45, 0x29, 0x45, 0x29, 0x45, 0x41, 0x24,
    0x41, 0x44, 0x49, 0x85, 0x41, 0x85, 0x41, 0x87, 0x41, 0x85, 0xad, 0x4d, 0xa4, 0xed, 0xa5, 0x0d,
    0xad, 0x4e, 0xb5, 0x6e, 0xad, 0x4e, 0xad, 0x2d, 0xbd, 0xaf, 0xce, 0x32, 0xc6, 0x32, 0xc6, 0x32,
    0xc6, 0x32, 0xc6, 0x31, 0xc6, 0x31, 0xc6, 0x11, 0xc6, 0x31, 0xc6, 0x31, 0xc6, 0x31, 0xc6, 0x11,
    0xc6, 0x11, 0xc6, 0x31, 0xc6, 0x31, 0xc6, 0x31, 0xc6, 0x31, 0xc6, 0x32, 0xc6, 0x32, 0xc6, 0x32,
    0xc6, 0x32, 0xc6, 0x32, 0xc6, 0x32, 0xc6, 0x32, 0xc6, 0x11, 0xc6, 0x11, 0xc6, 0x11, 0xc6, 0x11,
    0xc6, 0x11, 0xc6, 0x11, 0xa4, 0xed, 0xad, 0x0e, 0xad, 0x0e, 0x9c, 0x8c, 0x9c, 0x8d, 0x52, 0x05,
    0x39, 0x43, 0x41, 0x83, 0x29, 0x45, 0x29, 0x45, 0x29, 0x45, 0x29, 0x45, 0x29, 0x45, 0x29, 0x45,
    0x29, 0x45, 0x29, 0x45, 0x29, 0x45, 0x29, 0x45, 0x29, 0x45, 0x29, 0x45, 0x29, 0x45, 0x29, 0x45,
    0x29, 0x45, 0x29, 0x45, 0x29, 0x45, 0x29, 0x45, 0x29, 0x45, 0x29, 0x45, 0x29, 0x45, 0x29, 0x45,
    0x29, 0x45, 0x29, 0x45, 0x29, 0x45, 0x29, 0x45, 0x29, 0x45, 0x29, 0x45, 0x29, 0x45, 0x29, 0x45,
    0x29, 0x45, 0x29, 0x45, 0x29, 0x45, 0x29, 0x45, 0x41, 0x24, 0x41, 0x24, 0x49, 0x83, 0x41, 0x63,
    0x41, 0x84, 0x39, 0x43, 0xd6, 0x93, 0xc5, 0xf1, 0xbd, 0xb0, 0xad, 0x2e, 0xad, 0x4e, 0xad, 0x2e,
    0xad, 0x2d, 0xb5, 0xaf, 0xce, 0x52, 0xc6, 0x32, 0xce, 0x32, 0xce, 0x52, 0xce, 0x32, 0xce, 0x32,
    0xce, 0x52, 0xc6, 0x52, 0xc6, 0x52, 0xc6, 0x32, 0xc6, 0x32, 0xc6, 0x32, 0xc6, 0x32, 0xc6, 0x32,
    0xc6, 0x32, 0xc6, 0x32, 0xce, 0x52, 0xce, 0x32, 0xce, 0x32, 0xce, 0x32, 0xce, 0x32, 0xc6, 0x32,
    0xc6, 0x32, 0xc6, 0x31, 0xc6, 0x32, 0xc6, 0x32, 0xc6, 0x32, 0xce, 0x52, 0xce, 0x52, 0xa4, 0xed,
    0xad, 0x2e, 0xad, 0x2e, 0xbd, 0xb0, 0xa4, 0xee, 0x49, 0xe5, 0x39, 0x43, 0x41, 0x83, 0x29, 0x45,
    0x29, 0x45, 0x29, 0x45, 0x29, 0x45, 0x29, 0x45, 0x29, 0x45, 0x29, 0x45, 0x29, 0x45, 0x29, 0x45,
    0x29, 0x45, 0x29, 0x45, 0x29, 0x45, 0x29, 0x45, 0x29, 0x45, 0x29, 0x45, 0x29, 0x45, 0x29, 0x45,
    0x29, 0x45, 0x29, 0x45, 0x29, 0x45, 0x29, 0x45, 0x29, 0x45, 0x29, 0x45, 0x29, 0x45, 0x29, 0x45,
    0x29, 0x45, 0x29, 0x45, 0x29, 0x45, 0x29, 0x45, 0x29, 0x45, 0x29, 0x45, 0x29, 0x45, 0x29, 0x45,
    0x39, 0x65, 0x8c, 0xaf, 0x38, 0xe2, 0x39, 0x42, 0x31, 0x23, 0x31, 0x23, 0x20, 0xc1, 0xc5, 0xf1,
    0xb5, 0x8f, 0xb5, 0x8f, 0xad, 0x6e, 0xad, 0x4e, 0xad, 0x2e, 0xad, 0x2e, 0xbd, 0xaf, 0xc6, 0x11,
    0xc5, 0xf1, 0xc5, 0xf1, 0xc6, 0x11, 0xc6, 0x11, 0xc6, 0x11, 0xc6, 0x11, 0xc6, 0x10, 0xc6, 0x10,
    0xc6, 0x52, 0xc6, 0x52, 0xc6, 0x52, 0xc6, 0x52, 0xc6, 0x52, 0xc6, 0x52, 0xc6, 0x52, 0xc6, 0x11,
    0xc6, 0x11, 0xc6, 0x11, 0xc6, 0x11, 0xc6, 0x11, 0xc5, 0xf1, 0xbd, 0xf1, 0xbd, 0xf1, 0xbd, 0xf1,
    0xbd, 0xf1, 0xbd, 0xf1, 0xc6, 0x11, 0xc6, 0x11, 0xa4, 0xed, 0xad, 0x2e, 0xad, 0x0e, 0xb5, 0x4f,
    0x94, 0x4c, 0x39, 0x63, 0x28, 0xc2, 0x31, 0x02, 0x29, 0x45, 0x29, 0x45, 0x29, 0x45, 0x29, 0x45,
    0x29, 0x45, 0x29, 0x45, 0x29, 0x45, 0x29, 0x45, 0x29, 0x45, 0x29, 0x45, 0x29, 0x45, 0x29, 0x45,
    0x29, 0x45, 0x29, 0x45, 0x29, 0x45, 0x29, 0x45, 0x29, 0x45, 0x29, 0x45, 0x29, 0x45, 0x29, 0x45,
    0x29, 0x45, 0x29, 0x45, 0x29, 0x45, 0x29, 0x45, 0x29, 0x45, 0x29, 0x45, 0x29, 0x45, 0x29, 0x45,
    0x29, 0x45, 0x29, 0x45, 0x29, 0x45, 0x39, 0x64, 0x41, 0x65, 0x39, 0x65, 0x39, 0x44, 0x8c, 0xaf,
    0xad, 0x6f, 0xad, 0x6f, 0xbd, 0xb0, 0xb5, 0x8f, 0xad, 0x4e, 0xad, 0x6e, 0x94, 0x6b, 0x73, 0x68,
    0x94, 0x6b, 0xbd, 0xb0, 0xb5, 0x8f, 0xc6, 0x11, 0xde, 0xf5, 0xde, 0xd5, 0xde, 0xd5, 0xde, 0xd5,
    0xde, 0xf5, 0xde, 0xf5, 0xde, 0xf5, 0xde, 0xf6, 0xde, 0xd5, 0x84, 0xc4, 0x85, 0x05, 0x84, 0xe5,
    0x7c, 0xc5, 0x7c, 0xe5, 0x7c, 0xc5, 0x7c, 0xc5, 0xde, 0xd6, 0xde, 0xd5, 0xde, 0xd5, 0xde, 0xd5,
    0xde, 0xd5, 0xde, 0xd5, 0xde, 0xd5, 0xde, 0xd5, 0xde, 0xd5, 0xde, 0xd5, 0xde, 0xd5, 0xce, 0x52,
    0xce, 0x32, 0x83, 0xc9, 0x8b, 0xe9, 0x8c, 0x2a, 0xbd, 0xb0, 0xb5, 0x4f, 0xa4, 0xcd, 0x9c, 0xad,
    0xad, 0x2f, 0x49, 0xc6, 0x49, 0xa6, 0x49, 0x64, 0x49, 0x44, 0x29, 0x45, 0x29, 0x45, 0x29, 0x45,
    0x29, 0x45, 0x29, 0x45, 0x29, 0x45, 0x29, 0x45, 0x29, 0x45, 0x29, 0x45, 0x29, 0x45, 0x29, 0x45,
    0x29, 0x45, 0x29, 0x45, 0x29, 0x45, 0x29, 0x45, 0x29, 0x45, 0x29, 0x45, 0x29, 0x45, 0x29, 0x45,
    0x29, 0x45, 0x29, 0x45, 0x29, 0x45, 0x29, 0x45, 0x29, 0x45, 0x29, 0x45, 0x29, 0x45, 0x29, 0x45,
    0x29, 0x45, 0x38, 0xc1, 0x41, 0x43, 0x30, 0xe1, 0x8c, 0x4c, 0xbd, 0xf0, 0xbd, 0xd0, 0xbd, 0xf0,
    0xbd, 0xb0, 0xad, 0x4e, 0xad, 0x4e, 0x9c, 0xcc, 0x84, 0x0a, 0x94, 0x6b, 0xbd, 0xd0, 0xb5, 0x8f,
    0xc6, 0x11, 0xde, 0xd5, 0xde, 0xd5, 0xde, 0xd5, 0xde, 0xd5, 0xde, 0xd5, 0xde, 0xd6, 0xde, 0xf6,
    0xe7, 0x17, 0xdf, 0x17, 0x7c, 0xe3, 0x85, 0x04, 0x7d, 0x04, 0x7d, 0x05, 0x85, 0x05, 0x85, 0x25,
    0x85, 0x25, 0xe7, 0x18, 0xef, 0x18, 0xe7, 0x17, 0xde, 0xd6, 0xde, 0xd5, 0xde, 0xb5, 0xde, 0xb5,
    0xde, 0xb5, 0xde, 0xd5, 0xde, 0xf5, 0xde, 0xb5, 0xc5, 0xf1, 0xce, 0x32, 0x94, 0x2b, 0x94, 0x6b,
    0x9c, 0x8c, 0xbd, 0xf0, 0xb5, 0x6f, 0xb5, 0x6f, 0xad, 0x2e, 0xad, 0x6f, 0x39, 0xa6, 0x39, 0x43,
    0x39, 0x44, 0x39, 0xe6, 0x29, 0x45, 0x29, 0x45, 0x29, 0x45, 0x29, 0x45, 0x29, 0x45, 0x29, 0x45,
    0x29, 0x45, 0x29, 0x45, 0x29, 0x45, 0x29, 0x45, 0x29, 0x45, 0x29, 0x45, 0x29, 0x45, 0x29, 0x45,
    0x29, 0x45, 0x29, 0x45, 0x29, 0x45, 0x29, 0x45, 0x29, 0x45, 0x29, 0x45, 0x29, 0x45, 0x29, 0x45,
    0x29, 0x45, 0x29, 0x45, 0x29, 0x45, 0x39, 0x64, 0x41, 0xa4, 0xad, 0x0f, 0x49, 0xa3, 0x51, 0xe4,
    0x49, 0xc4, 0xa4, 0xef, 0xd6, 0xb4, 0xce, 0x94, 0xd6, 0xb4, 0xc6, 0x52, 0xad, 0x4e, 0xb5, 0x8f,
    0x94, 0x4b, 0x73, 0x48, 0x8c, 0x0a, 0xc5, 0xf1, 0xb5, 0x8f, 0xc6, 0x32, 0xde, 0xd6, 0xde, 0xd5,
    0xde, 0xd5, 0xde, 0xd5, 0xde, 0xd5, 0xde, 0xf6, 0xde, 0xd5, 0xc6, 0x71, 0xc6, 0x71, 0x8d, 0x44,
    0x8d, 0x65, 0x8d, 0x45, 0x85, 0x26, 0x8d, 0x46, 0x8d, 0x46, 0x8d, 0x46, 0xd6, 0xb4, 0xce, 0x92,
    0xd6, 0xb4, 0xde, 0xf6, 0xde, 0xd6, 0xde, 0xd5, 0xde, 0xd5, 0xde, 0xd5, 0xde, 0xd5, 0xde, 0xf5,
    0xde, 0xd5, 0xce, 0x74, 0xd6, 0xb4, 0x6a, 0xc7, 0x73, 0x27, 0x83, 0xa9, 0xbd, 0xf1, 0xb5, 0x6f,
    0xb5, 0xb0, 0xbd, 0xb1, 0xc5, 0xf2, 0x31, 0x65, 0x31, 0x63, 0x39, 0xe6, 0x9c, 0xce, 0x29, 0x45,
    0x49, 0xc4, 0x29, 0x45, 0x29, 0x45, 0x29, 0x45, 0x29, 0x45, 0x29, 0x45, 0x29, 0x45, 0x29, 0x45,
    0x29, 0x45, 0x29, 0x45, 0x29, 0x45, 0x29, 0x45, 0x29, 0x45, 0x29, 0x45, 0x29, 0x45, 0x29, 0x45,
    0x29, 0x45, 0x29, 0x45, 0x29, 0x45, 0x29, 0x45, 0x29, 0x45, 0x29, 0x45, 0x29, 0x45, 0x29, 0x45,
    0x41, 0xa3, 0x41, 0xa4, 0x31, 0x02, 0xc5, 0xf3, 0xb5, 0x70, 0xb5, 0x6f, 0xce, 0x53, 0xdf, 0x16,
    0xde, 0xf6, 0xdf, 0x16, 0xd6, 0x73, 0xb5, 0x6e, 0xbd, 0x8f, 0x6a, 0xc8, 0x41, 0x44, 0x83, 0x8a,
    0xef, 0x36, 0xd6, 0x94, 0xde, 0xb5, 0xde, 0xd5, 0xde, 0xd5, 0xde, 0xd5, 0xde, 0xd5, 0xde, 0xd5,
    0xe7, 0x17, 0xce, 0xb3, 0x95, 0x68, 0x95, 0x66, 0xc6, 0x8a, 0xc6, 0xab, 0xc6, 0xaa, 0x9d, 0xe7,
    0x9d, 0xc6, 0x95, 0xa6, 0x95, 0xa6, 0x8d, 0x45, 0x8d, 0x25, 0xbe, 0x6f, 0xe7, 0x17, 0xde, 0xd6,
    0xde, 0xd5, 0xde, 0xd5, 0xde, 0xd5, 0xde, 0xd5, 0xde, 0xd5, 0xde, 0xd5, 0xe7, 0x17, 0xef, 0x58,
    0x30, 0xa1, 0x41, 0x02, 0x52, 0x04, 0xbd, 0xf1, 0xb5, 0x8f, 0xc6, 0x32, 0xd6, 0x94, 0xd6, 0xb4,
    0xbd, 0xb0, 0xe7, 0x15, 0xbd, 0xd0, 0x39, 0xc4, 0x49, 0xe5, 0x51, 0x63, 0x49, 0x63, 0x29, 0x45,
    0x29, 0x45, 0x29, 0x45, 0x29, 0x45, 0x29, 0x45, 0x29, 0x45, 0x29, 0x45, 0x29, 0x45, 0x29, 0x45,
    0x29, 0x45, 0x29, 0x45, 0x29, 0x45, 0x29, 0x45, 0x29, 0x45, 0x29, 0x45, 0x29, 0x45, 0x29, 0x45,
    0x29, 0x45, 0x29, 0x45, 0x29, 0x45, 0x29, 0x45, 0x29, 0x45, 0x41, 0x82, 0x41, 0xa4, 0x31, 0x02,
    0xce, 0x74, 0xbd, 0xd1, 0xb5, 0xb0, 0xce, 0x73, 0xdf, 0x16, 0xd6, 0xf6, 0xd6, 0xf6, 0xce, 0x73,
    0xa4, 0xed, 0xb5, 0x4f, 0x62, 0xc7, 0x41, 0x44, 0x83, 0x8a, 0xe7, 0x36, 0xd6, 0x94, 0xd6, 0xb4,
    0xde, 0xd5, 0xde, 0xd5, 0xde, 0xd5, 0xde, 0xd5, 0xde, 0xd5, 0xe7, 0x17, 0xce, 0x93, 0x95, 0x68,
    0x95, 0x86, 0xae, 0x28, 0xb6, 0x48, 0xae, 0x28, 0x9d, 0xe7, 0x9d, 0xe7, 0xa5, 0xe7, 0xa5, 0xe7,
    0x95, 0xa7, 0x8d, 0x45, 0xad, 0xeb, 0xde, 0xf5, 0xe6, 0xd6, 0xde, 0xd5, 0xde, 0xd5, 0xde, 0xd5,
    0xde, 0xd5, 0xde, 0xd5, 0xde, 0xd5, 0xe7, 0x17, 0xef, 0x58, 0x28, 0x80, 0x39, 0x02, 0x52, 0x04,
    0xbd, 0xf1, 0xb5, 0x8f, 0xce, 0x32, 0xde, 0xb5, 0xd6, 0xb4, 0xc6, 0x32, 0xef, 0x77, 0xbd, 0xd1,
    0x39, 0xa5, 0x49, 0xc5, 0x41, 0x63, 0x49, 0x63, 0x29, 0x45, 0x29, 0x45, 0x29, 0x45, 0x29, 0x45,
    0x29, 0x45, 0x29, 0x45, 0x29, 0x45, 0x29, 0x45, 0x29, 0x45, 0x29, 0x45, 0x29, 0x45, 0x29, 0x45,
    0x29, 0x45, 0x29, 0x45, 0x29, 0x45, 0x29, 0x45, 0x29, 0x45, 0x29, 0x45, 0x29, 0x45, 0x29, 0x45,
    0x29, 0x45, 0x29, 0x45, 0x49, 0xa2, 0x41, 0xa4, 0x31, 0x22, 0xd6, 0xb5, 0xce, 0x53, 0xc6, 0x32,
    0xce, 0x94, 0xe7, 0x36, 0xdf, 0x16, 0xdf, 0x16, 0xc6, 0x52, 0x94, 0x6b, 0xa4, 0xcd, 0x62, 0x87,
    0x49, 0x64, 0x7b, 0x8a, 0xe7, 0x16, 0xce, 0x73, 0xd6, 0xb4, 0xde, 0xd6, 0xde, 0xd5, 0xde, 0xd5,
    0xde, 0xd5, 0xde, 0xd5, 0xe7, 0x17, 0xce, 0x93, 0x9d, 0x88, 0x95, 0x86, 0x8d, 0x45, 0x8d, 0x65,
    0x8d, 0x46, 0xb6, 0x48, 0xbe, 0x89, 0xc6, 0xaa, 0xc6, 0xaa, 0x9d, 0xe7, 0x95, 0x86, 0x95, 0x47,
    0xd6, 0x93, 0xe6, 0xf6, 0xde, 0xd5, 0xde, 0xd5, 0xde, 0xd5, 0xde, 0xd5, 0xde, 0xd5, 0xde, 0xd5,
    0xe7, 0x37, 0xef, 0x58, 0x28, 0x81, 0x39, 0x01, 0x52, 0x05, 0xc6, 0x11, 0xb5, 0x8f, 0xce, 0x32,
    0xd6, 0x94, 0xd6, 0xb4, 0xde, 0xd5, 0xf7, 0xb8, 0xbd, 0xb0, 0x39, 0xa4, 0x49, 0xa4, 0x49, 0x62,
    0x49, 0x63, 0x29, 0x45, 0x29, 0x45, 0x29, 0x45, 0x29, 0x45, 0x29, 0x45, 0x29, 0x45, 0x29, 0x45,
    0x29, 0x45, 0x29, 0x45, 0x29, 0x45, 0x29, 0x45, 0x29, 0x45, 0x29, 0x45, 0x29, 0x45, 0x29, 0x45,
    0x29, 0x45, 0x29, 0x45, 0x29, 0x45, 0x29, 0x45, 0x29, 0x45, 0x29, 0x45, 0x29, 0x45, 0x49, 0x81,
    0x49, 0xc4, 0x31, 0x22, 0xd6, 0xb5, 0xd6, 0x94, 0xd6, 0x94, 0xd6, 0xd4, 0xd6, 0xd5, 0xce, 0x94,
    0xd6, 0xb4, 0xc6, 0x11, 0x8b, 0xe9, 0xa4, 0xad, 0x62, 0x87, 0x49, 0x64, 0x7b, 0x6a, 0xe7, 0x16,
    0xce, 0x53, 0xd6, 0x94, 0xde, 0xd6, 0xde, 0xd5, 0xde, 0xd6, 0xde, 0xd6, 0xde, 0xd5, 0xe7, 0x18,
    0xce, 0x93, 0x9d, 0x88, 0x95, 0x86, 0x8d, 0x45, 0x8d, 0x65, 0x85, 0x46, 0xbe, 0x89, 0xce, 0xca,
    0xce, 0xcb, 0xce, 0xcb, 0x9d, 0xe8, 0x95, 0xa7, 0x95, 0x47, 0xd6, 0xb3, 0xe6, 0xf7, 0xde, 0xd5,
    0xde, 0xd5, 0xde, 0xd5, 0xde, 0xd5, 0xde, 0xd5, 0xde, 0xd6, 0xe7, 0x37, 0xef, 0x38, 0x28, 0x81,
    0x38, 0xe1, 0x52, 0x04, 0xc6, 0x11, 0xb5, 0x8f, 0xc6, 0x32, 0xd6, 0x94, 0xd6, 0xb4, 0xde, 0xd5,
    0xf7, 0x98, 0xb5, 0x8f, 0x39, 0x83, 0x49, 0xa4, 0x49, 0x42, 0x49, 0x62, 0x29, 0x45, 0x29, 0x45,
    0x29, 0x45, 0x29, 0x45, 0x29, 0x45, 0x29, 0x45, 0x29, 0x45, 0x29, 0x45, 0x29, 0x45, 0x29, 0x45,
    0x29, 0x45, 0x29, 0x45, 0x29, 0x45, 0x29, 0x45, 0x29, 0x45, 0x29, 0x45, 0x29, 0x45, 0x29, 0x45,
    0x29, 0x45, 0x29, 0x45, 0x29, 0x45, 0x29, 0x45, 0x49, 0x81, 0x49, 0xc4, 0x31, 0x02, 0xd6, 0xb5,
    0xce, 0x74, 0xce, 0x94, 0xd6, 0xb4, 0xc6, 0x53, 0xbd, 0xf1, 0xbe, 0x11, 0xbd, 0xf0, 0x8c, 0x2a,
    0xa4, 0xcd, 0x6a, 0xa7, 0x49, 0x44, 0x7b, 0x69, 0xe7, 0x16, 0xce, 0x53, 0xd6, 0x94, 0xde, 0xd6,
    0xde, 0xd6, 0xde, 0xd6, 0xde, 0xd6, 0xde, 0xd5, 0xe7, 0x17, 0xce, 0x93, 0x9d, 0xa8, 0x9d, 0xc7,
    0x8d, 0x65, 0x8d, 0x66, 0x85, 0x66, 0xbe, 0x89, 0xc6, 0xaa, 0xce, 0xca, 0xce, 0xca, 0xa6, 0x08,
    0x9d, 0xa7, 0x95, 0x47, 0xd6, 0xb4, 0xe6, 0xf7, 0xde, 0xd5, 0xde, 0xd5, 0xde, 0xd5, 0xde, 0xd5,
    0xde, 0xd5, 0xde, 0xd6, 0xe7, 0x37, 0xef, 0x38, 0x30, 0x81, 0x38, 0xe1, 0x52, 0x04, 0xbe, 0x11,
    0xad, 0x6f, 0xc6, 0x32, 0xd6, 0x94, 0xd6, 0x94, 0xd6, 0xb5, 0xf7, 0x98, 0xb5, 0x8f, 0x39, 0x62,
    0x51, 0xa4, 0x49, 0x42, 0x49, 0x43, 0x29, 0x45, 0x29, 0x45, 0x29, 0x45, 0x29, 0x45, 0x29, 0x45,
    0x29, 0x45, 0x29, 0x45, 0x29, 0x45, 0x29, 0x45, 0x29, 0x45, 0x29, 0x45, 0x29, 0x45, 0x29, 0x45,
    0x29, 0x45, 0x29, 0x45, 0x29, 0x45, 0x29, 0x45, 0x29, 0x45, 0x29, 0x45, 0x29, 0x45, 0x29, 0x45,
    0x29, 0x45, 0x49, 0xa1, 0x49, 0xc4, 0x30, 0xe2, 0xbd, 0xd0, 0xb5, 0x8f, 0xb5, 0xb0, 0xbd, 0xb0,
    0xad, 0x2e, 0xa4, 0xed, 0xb5, 0x6f, 0xa4, 0xac, 0x49, 0x83, 0x51, 0xc3, 0x49, 0x83, 0x49, 0x64,
    0x7b, 0x69, 0xde, 0xf5, 0xce, 0x52, 0xd6, 0x94, 0xde, 0xd6, 0xde, 0xd6, 0xde, 0xd6, 0xde, 0xd6,
    0xde, 0xd5, 0xe7, 0x17, 0xc6, 0x71, 0x7c, 0xa5, 0x7c, 0xa4, 0xb6, 0x49, 0xae, 0x28, 0xae, 0x28,
    0xae, 0x28, 0xae, 0x28, 0xb6, 0x48, 0xb6, 0x48, 0x74, 0xc5, 0x6c, 0x43, 0x84, 0xe8, 0xde, 0xf5,
    0xe6, 0xf7, 0xde, 0xd5, 0xde, 0xd5, 0xde, 0xd5, 0xde, 0xd6, 0xde, 0xd6, 0xde, 0xd6, 0xe7, 0x37,
    0xe7, 0x17, 0x30, 0xa1, 0x38, 0xe1, 0x52, 0x04, 0xbe, 0x11, 0xb5, 0xb0, 0xbd, 0xf1, 0xc6, 0x11,
    0xc6, 0x11, 0xd6, 0xb5, 0xf7, 0xb8, 0xb5, 0x6f, 0x39, 0x62, 0x51, 0x83, 0x41, 0x43, 0x41, 0x43,
    0x29, 0x45, 0x29, 0x45, 0x29, 0x45, 0x29, 0x45, 0x29, 0x45, 0x29, 0x45, 0x29, 0x45, 0x29, 0x45,
    0x29, 0x45, 0x29, 0x45, 0x29, 0x45, 0x29, 0x45, 0x29, 0x45, 0x29, 0x45, 0x29, 0x45, 0x29, 0x45,
    0x29, 0x45, 0x29, 0x45, 0x29, 0x45, 0x29, 0x45, 0x29, 0x45, 0x29, 0x45, 0x49, 0x82, 0x49, 0xa4,
    0x30, 0xe2, 0xbd, 0xd0, 0xb5, 0xaf, 0xb5, 0xaf, 0xb5, 0x8f, 0xad, 0x2e, 0xa4, 0xed, 0xad, 0x4e,
    0xa4, 0xcd, 0x51, 0xc4, 0x5a, 0x05, 0x51, 0xc4, 0x39, 0x02, 0x73, 0x49, 0xde, 0xd5, 0xce, 0x52,
    0xd6, 0x94, 0xde, 0xd6, 0xde, 0xd5, 0xde, 0xd5, 0xde, 0xd6, 0xde, 0xd5, 0xe7, 0x17, 0xce, 0x92,
    0x8c, 0xc7, 0x84, 0xa6, 0xb6, 0x09, 0xae, 0x08, 0xae, 0x08, 0xae, 0x28, 0xae, 0x28, 0xae, 0x28,
    0xae, 0x28, 0x7c, 0xa6, 0x74, 0x44, 0x84, 0xa8, 0xde, 0xd5, 0xe6, 0xf7, 0xde, 0xd5, 0xde, 0xd5,
    0xde, 0xd5, 0xde, 0xd6, 0xde, 0xd6, 0xde, 0xd6, 0xef, 0x38, 0xe6, 0xf7, 0x20, 0x40, 0x28, 0x60,
    0x49, 0xc3, 0xc6, 0x11, 0xbd, 0xd0, 0xbd, 0xf1, 0xbd, 0xf1, 0xbd, 0xf1, 0xd6, 0xb5, 0xf7, 0x97,
    0xb5, 0x6f, 0x39, 0x62, 0x51, 0x82, 0x41, 0x43, 0x41, 0x43, 0x29, 0x45, 0x29, 0x45, 0x29, 0x45,
    0x29, 0x45, 0x29, 0x45, 0x29, 0x45, 0x29, 0x45, 0x29, 0x45, 0x29, 0x45, 0x29, 0x45, 0x29, 0x45,
    0x29, 0x45, 0x29, 0x45, 0x29, 0x45, 0x29, 0x45, 0x29, 0x45, 0x29, 0x45, 0x29, 0x45, 0x29, 0x45,
    0x29, 0x45, 0x29, 0x45, 0x29, 0x45, 0x49, 0xa2, 0x49, 0xc5, 0x31, 0x02, 0xce, 0x52, 0xc6, 0x11,
    0xbd, 0xf1, 0xbd, 0xf1, 0xbd, 0xb0, 0xb5, 0x8f, 0xbd, 0xf0, 0xb5, 0x6f, 0x49, 0xc4, 0x51, 0xe4,
    0x52, 0x04, 0x49, 0xc4, 0x7b, 0x89, 0xde, 0xd5, 0xce, 0x52, 0xd6, 0x94, 0xde, 0xd5, 0xde, 0xd5,
    0xde, 0xd5, 0xde, 0xd5, 0xde, 0xd5, 0xde, 0xf6, 0xde, 0xd4, 0xbe, 0x30, 0xbe, 0x0f, 0x8c, 0xe6,
    0x95, 0x47, 0x95, 0x47, 0x8d, 0x47, 0x8d, 0x47, 0x95, 0x47, 0x95, 0x47, 0xbe, 0x2f, 0xbe, 0x0e,
    0xbe, 0x10, 0xde, 0xf5, 0xe6, 0xf6, 0xde, 0xd5, 0xde, 0xd6, 0xde, 0xd6, 0xde, 0xd6, 0xde, 0xd6,
    0xde, 0xd6, 0xe7, 0x38, 0xe6, 0xf7, 0x41, 0x83, 0x49, 0xe4, 0x62, 0xa6, 0xb5, 0xaf, 0xad, 0x6e,
    0xbd, 0xd0, 0xbd, 0xd0, 0xbd, 0xf0, 0xd6, 0xd5, 0xf7, 0xb8, 0xb5, 0x70, 0x39, 0x62, 0x51, 0x62,
    0x41, 0x23, 0x49, 0x43, 0x29, 0x45, 0x29, 0x45, 0x29, 0x45, 0x29, 0x45, 0x29, 0x45, 0x29, 0x45,
    0x29, 0x45, 0x29, 0x45, 0x29, 0x45, 0x29, 0x45, 0x29, 0x45, 0x29, 0x45, 0x29, 0x45, 0x29, 0x45,
    0x29, 0x45, 0x29, 0x45, 0x29, 0x45, 0x29, 0x45, 0x29, 0x45, 0x29, 0x45, 0x29, 0x45, 0x29, 0x45,
    0x41, 0xa3, 0x41, 0xc5, 0x31, 0x23, 0x94, 0x4c, 0x94, 0x4c, 0x94, 0x4c, 0x94, 0x6c, 0x8c, 0x2b,
    0x83, 0xeb, 0x8c, 0x2c, 0x83, 0xea, 0x41, 0x63, 0x41, 0x82, 0x6b, 0x07, 0xa4, 0xee, 0xad, 0x0e,
    0xd6, 0xb4, 0xce, 0x32, 0xd6, 0x74, 0xde, 0xd5, 0xde, 0xd5, 0xde, 0xd5, 0xde, 0xd5, 0xde, 0xd5,
    0xde, 0xd5, 0xde, 0xf5, 0xe7, 0x16, 0xe7, 0x16, 0x7c, 0x66, 0x84, 0xc7, 0x7c, 0xa7, 0x7c, 0xa7,
    0x7c, 0xa7, 0x7c, 0xa7, 0x7c, 0xa7, 0xef, 0x37, 0xef, 0x37, 0xe7, 0x36, 0xde, 0xf5, 0xde, 0xd5,
    0xde, 0xd5, 0xde, 0xd6, 0xde, 0xd6, 0xde, 0xd6, 0xde, 0xd6, 0xde, 0xd6, 0xe6, 0xf6, 0xe7, 0x17,
    0x9c, 0x8d, 0xa4, 0xed, 0x9c, 0xad, 0x94, 0x8b, 0x94, 0x8c, 0xad, 0x4e, 0xb5, 0xaf, 0xbd, 0xd0,
    0xd6, 0xb5, 0xf7, 0xb8, 0xad, 0x4f, 0x31, 0x62, 0x51, 0x62, 0x49, 0x23, 0x49, 0x43, 0x29, 0x45,
    0x29, 0x45, 0x29, 0x45, 0x29, 0x45, 0x29, 0x45, 0x29, 0x45, 0x29, 0x45, 0x29, 0x45, 0x29, 0x45,
    0x29, 0x45, 0x29, 0x45, 0x29, 0x45, 0x29, 0x45, 0x29, 0x45, 0x29, 0x45, 0x29, 0x45, 0x29, 0x45,
    0x29, 0x45, 0x29, 0x45, 0x29, 0x45, 0x29, 0x45, 0x29, 0x45, 0x41, 0xa3, 0x49, 0xc5, 0x94, 0x4c,
    0x49, 0xa4, 0x49, 0xa4, 0x41, 0xa4, 0x41, 0xa4, 0x41, 0x84, 0x41, 0x84, 0x41, 0x83, 0x41, 0x63,
    0x49, 0xa3, 0x39, 0x21, 0x73, 0x08, 0xad, 0x2f, 0xb5, 0x8f, 0xd6, 0x73, 0xce, 0x73, 0xd6, 0x94,
    0xe6, 0xf6, 0xde, 0xd5, 0xde, 0xd5, 0xde, 0xd5, 0xde, 0xd5, 0xde, 0xd5, 0xde, 0xd5, 0xde, 0xf5,
    0xde, 0xd5, 0x84, 0x66, 0x84, 0xa7, 0x84, 0xa7, 0x84, 0xc8, 0x84, 0xa8, 0x84, 0xc8, 0x84, 0xc8,
    0xde, 0xd5, 0xde, 0xd5, 0xde, 0xd5, 0xde, 0xd5, 0xde, 0xd5, 0xde, 0xd5, 0xde, 0xd6, 0xde, 0xd6,
    0xde, 0xd6, 0xde, 0xd6, 0xde, 0xd6, 0xe7, 0x17, 0xe6, 0xf6, 0xa4, 0xed, 0xa5, 0x0d, 0xa4, 0xcd,
    0x9c, 0xcc, 0xa5, 0x0d, 0xb5, 0xaf, 0xb5, 0x8f, 0xb5, 0x6e, 0xad, 0x6f, 0xce, 0x31, 0x8c, 0x2a,
    0x39, 0x42, 0x49, 0x82, 0x49, 0x43, 0x49, 0x42, 0x29, 0x45, 0x29, 0x45, 0x29, 0x45, 0x29, 0x45,
    0x29, 0x45, 0x29, 0x45, 0x29, 0x45, 0x29, 0x45, 0x29, 0x45, 0x29, 0x45, 0x29, 0x45, 0x29, 0x45,
    0x29, 0x45, 0x29, 0x45, 0x29, 0x45, 0x29, 0x45, 0x29, 0x45, 0x29, 0x45, 0x29, 0x45, 0x29, 0x45,
    0x29, 0x45, 0x29, 0x45, 0x49, 0xa4, 0x49, 0xc4, 0x49, 0xc4, 0x51, 0xc4, 0x4a, 0x05, 0x49, 0xe5,
    0x49, 0xe4, 0x49, 0xc4, 0x49, 0xc3, 0x49, 0xa2, 0x41, 0x83, 0x49, 0xc4, 0x39, 0x21, 0x73, 0x28,
    0xb5, 0x6f, 0xb5, 0x90, 0xd6, 0x73, 0xce, 0x32, 0xce, 0x72, 0xd6, 0x94, 0xd6, 0x73, 0xde, 0xd5,
    0xde, 0xd5, 0xde, 0xd5, 0xde, 0xd5, 0xde, 0xd5, 0xde, 0xd5, 0xde, 0xd5, 0xb5, 0xce, 0xb5, 0xee,
    0xb5, 0xee, 0xb5, 0xee, 0xb5, 0xef, 0xbe, 0x0f, 0xbe, 0x0f, 0xde, 0xd5, 0xde, 0xd5, 0xde, 0xd5,
    0xde, 0xd5, 0xde, 0xd5, 0xde, 0xd6, 0xde, 0xd6, 0xde, 0xd6, 0xde, 0xd6, 0xde, 0xf6, 0xd6, 0x94,
    0xd6, 0x73, 0xce, 0x53, 0xa4, 0xed, 0xad, 0x2e, 0xa4, 0xed, 0x94, 0x8b, 0xa5, 0x0d, 0xbd, 0xd0,
    0xbd, 0xd0, 0xbd, 0xcf, 0xbd, 0xb0, 0xd6, 0xb1, 0xa4, 0xca, 0x39, 0x41, 0x51, 0x20, 0x50, 0xe1,
    0x49, 0x42, 0x29, 0x45, 0x29, 0x45, 0x29, 0x45, 0x29, 0x45, 0x29, 0x45, 0x29, 0x45, 0x29, 0x45,
    0x29, 0x45, 0x29, 0x45, 0x29, 0x45, 0x29, 0x45, 0x29, 0x45, 0x29, 0x45, 0x29, 0x45, 0x29, 0x45,
    0x29, 0x45, 0x29, 0x45, 0x29, 0x45, 0x29, 0x45, 0x29, 0x45, 0x29, 0x45, 0x29, 0x45, 0x29, 0x45,
    0x29, 0x45, 0x29, 0x45, 0x49, 0x82, 0x41, 0xa2, 0x41, 0xa2, 0x49, 0xa2, 0x41, 0xa3, 0x41, 0x83,
    0x49, 0x83, 0x49, 0x83, 0x49, 0x62, 0x39, 0x22, 0x73, 0x28, 0xb5, 0x6f, 0xb5, 0x6f, 0xce, 0x32,
    0xc6, 0x11, 0xc6, 0x31, 0xc6, 0x11, 0xc6, 0x11, 0xe6, 0xf6, 0xe6, 0xf5, 0xde, 0xf5, 0xde, 0xf5,
    0xde, 0xf5, 0xde, 0xf5, 0xde, 0xf5, 0xde, 0xd5, 0xde, 0xd5, 0xde, 0xd5, 0xde, 0xd5, 0xde, 0xf6,
    0xde, 0xf6, 0xde, 0xf6, 0xe6, 0xf5, 0xe6, 0xf5, 0xe6, 0xf6, 0xe6, 0xf6, 0xe6, 0xf6, 0xe6, 0xf6,
    0xde, 0xf6, 0xde, 0xf6, 0xde, 0xf6, 0xe7, 0x16, 0xce, 0x73, 0xc5, 0xf1, 0xc6, 0x11, 0xa5, 0x0d,
    0xbd, 0xd0, 0x94, 0x6b, 0x28, 0xa1, 0x30, 0xe1, 0x30, 0xe2, 0x30, 0xc2, 0x30, 0xc2, 0x30, 0xc3,
    0x30, 0x80, 0x73, 0x27, 0x73, 0x27, 0x51, 0x67, 0x39, 0x41, 0x29, 0x45, 0x29, 0x45, 0x29, 0x45,
    0x29, 0x45, 0x29, 0x45, 0x29, 0x45, 0x29, 0x45, 0x29, 0x45, 0x29, 0x45, 0x29, 0x45, 0x29, 0x45,
    0x29, 0x45, 0x29, 0x45, 0x29, 0x45, 0x29, 0x45, 0x29, 0x45, 0x29, 0x45, 0x29, 0x45, 0x29, 0x45,
    0x29, 0x45, 0x29, 0x45, 0x29, 0x45, 0x29, 0x45, 0x29, 0x45, 0x29, 0x45, 0x29, 0x45, 0x29, 0x45,
    0x29, 0x45, 0x29, 0x45, 0x29, 0x45, 0x29, 0x45, 0x29, 0x45, 0x29, 0x45, 0x29, 0x45, 0x49, 0x21,
    0x39, 0x22, 0x73, 0x28, 0xad, 0x4e, 0xb5, 0x6f, 0xc6, 0x12, 0xc6, 0x11, 0xc6, 0x11, 0xc6, 0x11,
    0xc6, 0x11, 0xc6, 0x11, 0xc5, 0xf1, 0xc6, 0x11, 0xc6, 0x11, 0xc5, 0xf1, 0xc5, 0xf1, 0xc5, 0xf1,
    0xc5, 0xf1, 0xc5, 0xf1, 0xc5, 0xf1, 0xc5, 0xf1, 0xc5, 0xf1, 0xc5, 0xf1, 0xc5, 0xf1, 0xc5, 0xf1,
    0xc5, 0xf1, 0xc6, 0x12, 0xc6, 0x11, 0xc6, 0x11, 0xc6, 0x11, 0xc6, 0x12, 0xc6, 0x12, 0xc6, 0x32,
    0xc6, 0x11, 0xc6, 0x11, 0xbd, 0xf1, 0xc6, 0x11, 0xa4, 0xed, 0xbd, 0xcf, 0x94, 0x6a, 0x39, 0x23,
    0x49, 0x83, 0x49, 0x83, 0x49, 0x83, 0x49, 0xa3, 0x41, 0x85, 0x51, 0x21, 0x49, 0x43, 0x41, 0x62,
    0x29, 0x45, 0x29, 0x45, 0x29, 0x45, 0x29, 0x45, 0x29, 0x45, 0x29, 0x45, 0x29, 0x45, 0x29, 0x45,
    0x29, 0x45, 0x29, 0x45, 0x29, 0x45, 0x29, 0x45, 0x29, 0x45, 0x29, 0x45, 0x29, 0x45, 0x29, 0x45,
    0x29, 0x45, 0x29, 0x45, 0x29, 0x45, 0x29, 0x45, 0x29, 0x45, 0x29, 0x45, 0x29, 0x45, 0x29, 0x45,
    0x29, 0x45, 0x29, 0x45, 0x29, 0x45, 0x29, 0x45, 0x29, 0x45, 0x29, 0x45, 0x29, 0x45, 0x29, 0x45,
    0x29, 0x45, 0x29, 0x45, 0x29, 0x45, 0x29, 0x45, 0x41, 0x21, 0x39, 0x22, 0x73, 0x28, 0xad, 0x4e,
    0xad, 0x6f, 0xc6, 0x11, 0xc6, 0x11, 0xc6, 0x11, 0xc6, 0x11, 0xc6, 0x11, 0xc6, 0x11, 0xc6, 0x11,
    0xce, 0x32, 0xce, 0x52, 0xce, 0x53, 0xd6, 0x93, 0xd6, 0x94, 0xd6, 0x94, 0xde, 0x93, 0xde, 0x94,
    0xde, 0x93, 0xde, 0x93, 0xd6, 0x93, 0xd6, 0x93, 0xd6, 0x73, 0xd6, 0x72, 0xce, 0x52, 0xce, 0x32,
    0xce, 0x32, 0xc6, 0x31, 0xc6, 0x32, 0xc6, 0x32, 0xc6, 0x32, 0xc6, 0x11, 0xc6, 0x11, 0xc5, 0xf1,
    0xc6, 0x11, 0xa4, 0xed, 0xbd, 0xcf, 0x94, 0x68, 0x30, 0xa4, 0x41, 0x22, 0x41, 0x22, 0x41, 0x42,
    0x41, 0x42, 0x41, 0x63, 0x49, 0x01, 0x49, 0x22, 0x49, 0x22, 0x29, 0x45, 0x29, 0x45, 0x29, 0x45,
    0x29, 0x45, 0x29, 0x45, 0x29, 0x45, 0x29, 0x45, 0x29, 0x45, 0x29, 0x45, 0x29, 0x45, 0x29, 0x45,
    0x29, 0x45, 0x29, 0x45, 0x29, 0x45, 0x29, 0x45, 0x29, 0x45, 0x29, 0x45, 0x29, 0x45, 0x29, 0x45,
    0x29, 0x45, 0x29, 0x45, 0x29, 0x45, 0x29, 0x45, 0x29, 0x45, 0x29, 0x45, 0x29, 0x45, 0x29, 0x45,
    0x29, 0x45, 0x29, 0x45, 0x29, 0x45, 0x29, 0x45, 0x29, 0x45, 0x29, 0x45, 0x29, 0x45, 0x29, 0x45,
    0x29, 0x45, 0x41, 0x21, 0x39, 0x22, 0x73, 0x28, 0xad, 0x2e, 0xad, 0x6e, 0xc6, 0x11, 0xc5, 0xf1,
    0xc6, 0x11, 0xc6, 0x11, 0xc6, 0x11, 0xc6, 0x11, 0xc6, 0x11, 0xbd, 0xd0, 0xbd, 0xf0, 0xbd, 0xb0,
    0xb5, 0x6f, 0xb5, 0x6f, 0xbd, 0xb0, 0xbd, 0xb0, 0xc5, 0xb0, 0xc5, 0xd0, 0xc5, 0xd0, 0xc5, 0xb0,
    0xc5, 0xb0, 0xbd, 0x8f, 0xbd, 0x8f, 0xbd, 0xaf, 0xbd, 0xd0, 0xbd, 0xd0, 0xc6, 0x31, 0xc6, 0x32,
    0xc6, 0x31, 0xc6, 0x32, 0xc6, 0x11, 0xc6, 0x11, 0xc5, 0xf0, 0xc6, 0x11, 0xa4, 0xed, 0xbd, 0xad,
    0x94, 0x8a, 0x41, 0x84, 0x39, 0x23, 0x41, 0x42, 0x41, 0x42, 0x41, 0x62, 0x49, 0x63, 0x41, 0x23,
    0x41, 0x23, 0x29, 0x45, 0x29, 0x45, 0x29, 0x45, 0x29, 0x45, 0x29, 0x45, 0x29, 0x45, 0x29, 0x45,
    0x29, 0x45, 0x29, 0x45, 0x29, 0x45, 0x29, 0x45, 0x29, 0x45, 0x29, 0x45, 0x29, 0x45, 0x29, 0x45,
    0x29, 0x45, 0x29, 0x45, 0x29, 0x45, 0x29, 0x45, 0x29, 0x45, 0x29, 0x45, 0x29, 0x45, 0x29, 0x45,
    0x29, 0x45, 0x29, 0x45, 0x29, 0x45, 0x29, 0x45, 0x29, 0x45, 0x29, 0x45, 0x29, 0x45, 0x29, 0x45,
    0x29, 0x45, 0x29, 0x45, 0x29, 0x45, 0x29, 0x45, 0x29, 0x45, 0x29, 0x45, 0x41, 0x21, 0x39, 0x22,
    0x73, 0x28, 0xad, 0x2e, 0xad, 0x6e, 0xc6, 0x11, 0xc5, 0xf1, 0xc6, 0x11, 0xc6, 0x11, 0xc6, 0x11,
    0xc6, 0x31, 0xbd, 0xf1, 0x9c, 0x8c, 0x9c, 0xcc, 0x84, 0x0a, 0x4a, 0x03, 0x41, 0xc3, 0x4a, 0x03,
    0x4a, 0x03, 0x4a, 0x04, 0x52, 0x24, 0x52, 0x24, 0x52, 0x24, 0x52, 0x24, 0x4a, 0x04, 0x4a, 0x04,
    0x83, 0xc9, 0xa4, 0xec, 0x9c, 0xec, 0xc5, 0xf1, 0xce, 0x52, 0xc6, 0x32, 0xc6, 0x32, 0xc6, 0x31,
    0xc6, 0x11, 0xc5, 0xf0, 0xc6, 0x11, 0xa4, 0xed, 0xbd, 0x8d, 0x84, 0x8d, 0x29, 0x45, 0x29, 0x45,
    0x29, 0x45, 0x29, 0x45, 0x29, 0x45, 0x29, 0x45, 0x29, 0x45, 0x29, 0x45, 0x29, 0x45, 0x29, 0x45,
    0x29, 0x45, 0x29, 0x45, 0x29, 0x45, 0x29, 0x45, 0x29, 0x45, 0x29, 0x45, 0x29, 0x45, 0x29, 0x45,
    0x29, 0x45, 0x29, 0x45, 0x29, 0x45, 0x29, 0x45, 0x29, 0x45, 0x29, 0x45, 0x29, 0x45, 0x29, 0x45,
    0x29, 0x45, 0x29, 0x45, 0x29, 0x45, 0x29, 0x45, 0x29, 0x45, 0x29, 0x45, 0x29, 0x45, 0x29, 0x45,
    0x29, 0x45, 0x29, 0x45, 0x29, 0x45, 0x29, 0x45, 0x29, 0x45, 0x29, 0x45, 0x29, 0x45, 0x29, 0x45,
    0x29, 0x45, 0x29, 0x45, 0x29, 0x45, 0x41, 0x41, 0x39, 0x22, 0x73, 0x28, 0xad, 0x4e, 0xad, 0x4e,
    0xc6, 0x11, 0xbd, 0xf1, 0xc5, 0xf1, 0xc6, 0x11, 0xc5, 0xf1, 0xc6, 0x11, 0xbd, 0xd0, 0x94, 0x4b,
    0x9c, 0xac, 0x83, 0xea, 0x39, 0x62, 0x31, 0x01, 0x31, 0x22, 0x31, 0x02, 0x29, 0x02, 0x29, 0x02,
    0x29, 0x02, 0x29, 0x02, 0x29, 0x02, 0x31, 0x01, 0x29, 0x02, 0x73, 0x69, 0xa4, 0xec, 0x9c, 0xab,
    0xbd, 0xf1, 0xce, 0x72, 0xc6, 0x32, 0xc6, 0x32, 0xc6, 0x11, 0xc6, 0x11, 0xc5, 0xf0, 0xc6, 0x11,
    0x9c, 0xed, 0xbd, 0x8c, 0x7c, 0x8f, 0x29, 0x45, 0x29, 0x45, 0x29, 0x45, 0x29, 0x45, 0x29, 0x45,
    0x29, 0x45, 0x29, 0x45, 0x29, 0x45, 0x29, 0x45, 0x29, 0x45, 0x29, 0x45, 0x29, 0x45, 0x29, 0x45,
    0x29, 0x45, 0x29, 0x45, 0x29, 0x45, 0x29, 0x45, 0x29, 0x45, 0x29, 0x45, 0x29, 0x45, 0x29, 0x45,
    0x29, 0x45, 0x29, 0x45, 0x29, 0x45, 0x29, 0x45, 0x29, 0x45, 0x29, 0x45, 0x29, 0x45, 0x29, 0x45,
    0x29, 0x45, 0x29, 0x45, 0x29, 0x45, 0x29, 0x45, 0x29, 0x45, 0x29, 0x45, 0x29, 0x45, 0x29, 0x45,
    0x29, 0x45, 0x29, 0x45, 0x29, 0x45, 0x29, 0x45, 0x29, 0x45, 0x29, 0x45, 0x29, 0x45, 0x29, 0x45,
    0x41, 0x21, 0x39, 0x01, 0x73, 0x48, 0xad, 0x4e, 0xad, 0x4e, 0xb5, 0x8f, 0xb5, 0x8f, 0xb5, 0x8f,
    0xb5, 0x8f, 0xb5, 0x8f, 0xb5, 0x8f, 0xb5, 0x6f, 0xad, 0x0e, 0xb5, 0x6f, 0x9c, 0xac, 0x41, 0x83,
    0x39, 0x22, 0x41, 0x83, 0x49, 0xa3, 0x49, 0xa3, 0x49, 0xa3, 0x49, 0xa3, 0x41, 0x83, 0x41, 0x83,
    0x41, 0x84, 0x41, 0xa4, 0x94, 0x4c, 0xbd, 0xcf, 0xb5, 0x6e, 0xb5, 0x8f, 0xb5, 0x8f, 0xb5, 0x6f,
    0xb5, 0x8f, 0xb5, 0x6f, 0xb5, 0x6f, 0xb5, 0x6f, 0xb5, 0x8f, 0xb5, 0x6f, 0xc5, 0xee, 0x9d, 0x30,
    0x29, 0x45, 0x29, 0x45, 0x29, 0x45, 0x29, 0x45, 0x29, 0x45, 0x29, 0x45, 0x29, 0x45, 0x29, 0x45,
    0x29, 0x45, 0x29, 0x45, 0x29, 0x45, 0x29, 0x45, 0x29, 0x45, 0x29, 0x45, 0x29, 0x45, 0x29, 0x45,
    0x29, 0x45, 0x29, 0x45, 0x29, 0x45, 0x29, 0x45, 0x29, 0x45, 0x29, 0x45, 0x29, 0x45, 0x29, 0x45,
    0x29, 0x45, 0x29, 0x45, 0x29, 0x45, 0x29, 0x45, 0x29, 0x45, 0x29, 0x45, 0x29, 0x45, 0x29, 0x45,
    0x29, 0x45, 0x29, 0x45, 0x29, 0x45, 0x29, 0x45, 0x29, 0x45, 0x29, 0x45, 0x29, 0x45, 0x29, 0x45,
    0x29, 0x45, 0x29, 0x45, 0x29, 0x45, 0x29, 0x45, 0x29, 0x45, 0x41, 0x42, 0x39, 0x21, 0x73, 0x69,
    0xad, 0x2e, 0xa5, 0x2e, 0xa5, 0x2d, 0xad, 0x2e, 0xad, 0x2e, 0xad, 0x2e, 0xad, 0x2e, 0xa5, 0x2d,
    0xad, 0x0e, 0xa4, 0xed, 0xad, 0x4e, 0x9c, 0x8c, 0x41, 0x83, 0x39, 0x22, 0x29, 0x45, 0x29, 0x45,
    0x29, 0x45, 0x29, 0x45, 0x29, 0x45, 0x29, 0x45, 0x29, 0x45, 0x41, 0x84, 0x41, 0x84, 0x8c, 0x2c,
    0xb5, 0x8f, 0xad, 0x4e, 0xad, 0x4e, 0xad, 0x4e, 0xad, 0x4e, 0xad, 0x4e, 0xad, 0x6e, 0xad, 0x4f,
    0xad, 0x6e, 0xb5, 0x6f, 0xbd, 0x90, 0xcd, 0xee, 0xa5, 0x2f, 0x29, 0x45, 0x29, 0x45, 0x29, 0x45,
    0x29, 0x45, 0x29, 0x45, 0x29, 0x45, 0x29, 0x45, 0x29, 0x45, 0x29, 0x45, 0x29, 0x45, 0x29, 0x45,
    0x29, 0x45, 0x29, 0x45, 0x29, 0x45, 0x29, 0x45, 0x29, 0x45, 0x29, 0x45, 0x29, 0x45, 0x29, 0x45,
    0x29, 0x45, 0x29, 0x45, 0x29, 0x45, 0x29, 0x45, 0x29, 0x45, 0x29, 0x45, 0x29, 0x45, 0x29, 0x45,
    0x29, 0x45, 0x29, 0x45, 0x29, 0x45, 0x29, 0x45, 0x29, 0x45, 0x29, 0x45, 0x29, 0x45, 0x29, 0x45,
    0x29, 0x45, 0x29, 0x45, 0x29, 0x45, 0x29, 0x45, 0x29, 0x45, 0x29, 0x45, 0x29, 0x45, 0x29, 0x45,
    0x29, 0x45, 0x29, 0x45, 0x39, 0x43, 0x31, 0x25, 0x74, 0x0e, 0xad, 0x4f, 0xad, 0x4f, 0xad, 0x4f,
    0xb5, 0x4f, 0xb5, 0x6f, 0xb5, 0x6f, 0xb5, 0x4f, 0xad, 0x4f, 0xb5, 0x4f, 0xb5, 0x2f, 0xbd, 0x91,
    0xad, 0x30, 0x41, 0xa4, 0x31, 0x03, 0x29, 0x45, 0x29, 0x45, 0x29, 0x45, 0x29, 0x45, 0x29, 0x45,
    0x29, 0x45, 0x29, 0x45, 0x41, 0x84, 0x41, 0xa5, 0x9c, 0xaf, 0xbd, 0xd1, 0xb5, 0x4f, 0xb5, 0x6f,
    0xb5, 0x6f, 0xb5, 0x4e, 0xb5, 0x4e, 0xb5, 0x4f, 0xb5, 0x4f, 0xb5, 0x6f, 0xb5, 0x70, 0xbd, 0x90,
    0xd6, 0x0e, 0xa5, 0x0e, 0x29, 0x45, 0x29, 0x45, 0x29, 0x45, 0x29, 0x45, 0x29, 0x45, 0x29, 0x45,
    0x29, 0x45, 0x29, 0x45, 0x29, 0x45, 0x29, 0x45, 0x29, 0x45, 0x29, 0x45, 0x29, 0x45, 0x29, 0x45,
    0x29, 0x45, 0x29, 0x45, 0x29, 0x45, 0x29, 0x45, 0x29, 0x45, 0x29, 0x45, 0x29, 0x45, 0x29, 0x45,
    0x29, 0x45, 0x29, 0x45, 0x29, 0x45, 0x29, 0x45, 0x29, 0x45, 0x29, 0x45, 0x29, 0x45, 0x29, 0x45,
    0x29, 0x45, 0x29, 0x45, 0x29, 0x45, 0x29, 0x45, 0x29, 0x45, 0x29, 0x45, 0x29, 0x45, 0x29, 0x45,
    0x29, 0x45, 0x29, 0x45, 0x29, 0x45, 0x29, 0x45, 0x29, 0x45, 0x29, 0x45, 0x29, 0x45, 0x31, 0x25,
    0x73, 0xab, 0xad, 0x4f, 0x5a, 0x85, 0x5a, 0x86, 0x5a, 0x86, 0x5a, 0x86, 0x5a, 0x86, 0x5a, 0x86,
    0x5a, 0x86, 0x5a, 0x86, 0x5a, 0x86, 0x5a, 0x66, 0x5a, 0x46, 0x52, 0x47, 0x41, 0x64, 0x41, 0x44,
    0x29, 0x45, 0x29, 0x45, 0x29, 0x45, 0x29, 0x45, 0x29, 0x45, 0x29, 0x45, 0x29, 0x45, 0x41, 0x84,
    0x41, 0x84, 0x5a, 0x87, 0x62, 0xc7, 0x62, 0x86, 0x5a, 0x86, 0x5a, 0x86, 0x5a, 0x66, 0x5a, 0x66,
    0x5a, 0x66, 0x5a, 0x66, 0x5a, 0x86, 0x62, 0xa6, 0x62, 0xa7, 0x6a, 0xa5, 0x52, 0x69, 0x29, 0x45,
    0x29, 0x45, 0x29, 0x45, 0x29, 0x45, 0x29, 0x45, 0x29, 0x45, 0x29, 0x45, 0x29, 0x45, 0x29, 0x45,
    0x29, 0x45, 0x29, 0x45, 0x29, 0x45, 0x29, 0x45, 0x29, 0x45, 0x29, 0x45, 0x29, 0x45, 0x29, 0x45,
    0x29, 0x45, 0x29, 0x45, 0x29, 0x45, 0x29, 0x45, 0x29, 0x45, 0x29, 0x45, 0x29, 0x45, 0x29, 0x45,
    0x29, 0x45, 0x29, 0x45, 0x29, 0x45, 0x29, 0x45, 0x29, 0x45, 0x29, 0x45, 0x29, 0x45, 0x29, 0x45,
    0x29, 0x45, 0x29, 0x45, 0x29, 0x45, 0x29, 0x45, 0x29, 0x45, 0x29, 0x45, 0x29, 0x45, 0x29, 0x45,
    0x29, 0x45, 0x29, 0x45, 0x29, 0x45, 0x29, 0x45, 0x29, 0x45, 0x29, 0x45, 0x5a, 0x86, 0x51, 0xa3,
    0x51, 0xa2, 0x51, 0xa2, 0x59, 0xc2, 0x59, 0xc2, 0x51, 0xc2, 0x51, 0xc2, 0x51, 0xc2, 0x51, 0xc2,
    0x51, 0xc2, 0x49, 0xc2, 0x49, 0xa2, 0x41, 0x82, 0x41, 0x62, 0x29, 0x45, 0x29, 0x45, 0x29, 0x45,
    0x29, 0x45, 0x29, 0x45, 0x29, 0x45, 0x29, 0x45, 0x49, 0x81, 0x49, 0x81, 0x51, 0xc1, 0x51, 0xe1,
    0x59, 0xc1, 0x59, 0xa0, 0x61, 0xa0, 0x59, 0xa0, 0x59, 0xa0, 0x59, 0xc1, 0x59, 0xc2, 0x59, 0xc2,
    0x59, 0xe2, 0x59, 0xe2, 0x61, 0x81, 0x49, 0xa3, 0x29, 0x45, 0x29, 0x45, 0x29, 0x45, 0x29, 0x45,
    0x29, 0x45, 0x29, 0x45, 0x29, 0x45, 0x29, 0x45, 0x29, 0x45, 0x29, 0x45, 0x29, 0x45, 0x29, 0x45,
    0x29, 0x45, 0x29, 0x45, 0x29, 0x45, 0x29, 0x45, 0x29, 0x45, 0x29, 0x45, 0x29, 0x45, 0x29, 0x45,
    0x29, 0x45, 0x29, 0x45, 0x29, 0x45, 0x29, 0x45, 0x29, 0x45, 0x29, 0x45, 0x29, 0x45, 0x29, 0x45,
    0x29, 0x45, 0x29, 0x45, 0x29, 0x45, 0x29, 0x45, 0x29, 0x45, 0x29, 0x45, 0x29, 0x45, 0x29, 0x45,
    0x29, 0x45, 0x29, 0x45, 0x29, 0x45, 0x29, 0x45, 0x29, 0x45, 0x29, 0x45, 0x29, 0x45, 0x29, 0x45,
    0x29, 0x45, 0x29, 0x45, 0x29, 0x45, 0x41, 0x63, 0x41, 0x63, 0x41, 0xa4, 0x41, 0xa5, 0x41, 0xa5,
    0x41, 0xa5, 0x41, 0xa5, 0x41, 0xa5, 0x39, 0xa5, 0x39, 0xa5, 0x39, 0xa5, 0x39, 0x85, 0x39, 0x85,
    0x39, 0x85, 0x39, 0x65, 0x29, 0x45, 0x29, 0x45, 0x29, 0x45, 0x29, 0x45, 0x29, 0x45, 0x29, 0x45,
    0x29, 0x45, 0x41, 0x85, 0x39, 0xa5, 0x39, 0xc6, 0x39, 0xc6, 0x39, 0xc6, 0x39, 0xa6, 0x39, 0xa6,
    0x39, 0xa5, 0x39, 0xa5, 0x39, 0xa5, 0x39, 0x86, 0x39, 0xa6, 0x39, 0xc6, 0x39, 0xe6, 0x41, 0xa4,
    0x41, 0xa4, 0x29, 0x45, 0x29, 0x45, 0x29, 0x45, 0x29, 0x45, 0x29, 0x45, 0x29, 0x45, 0x29, 0x45,
    0x29, 0x45, 0x29, 0x45, 0x29, 0x45, 0x29, 0x45, 0x29, 0x45, 0x29, 0x45, 0x29, 0x45, 0x29, 0x45,
    0x29, 0x45, 0x29, 0x45, 0x29, 0x45, 0x29, 0x45, 0x29, 0x45, 0x29, 0x45, 0x29, 0x45, 0x29, 0x45,
};
